"SMILES","PKM2_inhibition","ERK2_inhibition"
"C=C(C)c1nc(N)nc(N)n1",0,0
"C=C(Cl)COc1ccc2c(C)cc(=O)oc2c1",0,0
"C=CCNC(=O)CCCC(=O)NCC=C",0,0
"C=CCOn1c(=O)c(C)[n+]([O-])c2ccccc21",0,0
"C=CCn1cc(Cl)c(=O)n(CC=C)c1=O",0,0
"CC(=O)N(C)c1ccc(NC(=O)c2ccco2)cc1",0,0
"CC(=O)c1c(N(C)C)cc[nH+]c1C(F)(F)F",0,0
"CC(C)(N[O-])/C(=N/O)c1cccs1",0,0
"CC(C)C(=O)Nc1cc(=O)nc2nc[nH]n12",0,0
"CC(C)[NH+](Cc1nc2ccccc2[nH]1)C(C)C",0,0
"CC(C)c1ccc(NC(=O)c2cccnc2)cc1",0,0
"CC(Nc1ccccc1)=[NH+]c1ccccc1",0,0
"CCC(CC)C(=O)NCc1ccccc1OC",0,0
"CCC/C(=N\O)c1c[nH]c2ccccc12",0,0
"CCCC(=O)Nc1cc(=O)nc2nc[nH]n12",0,0
"CCCCCCP(=O)([O-])c1ccccc1",0,0
"CCCCOC(=O)c1cc(=O)[nH]c2ccccc12",0,0
"CCCCP(=O)([O-])CCC(=O)[O-]",0,0
"CCCOc1ccc2ncc(C(=O)[O-])c(O)c2c1",0,0
"CCC[C@@](O)(CC[NH+](C)C)c1ccc(OC)cc1",0,0
"CCCc1ccc(OCCNC(=O)CC)cc1",0,0
"CCN(CC)S(=O)(=O)c1cccc2nonc12",0,0
"CCOC(=O)CCc1nc2ccccc2[nH]1",0,0
"CCOC(=O)N=[S@@](N)(=O)c1ccc(Cl)cc1",0,0
"CCOC(=O)NCc1ccc2c(c1)cc(C)n2C",0,0
"CCOC(=O)Nc1cccc2ccccc12",0,0
"CCOC(=O)c1cccc(C(=O)OCC)n1",0,0
"CCOc1ccc(C(=O)[O-])cc1OC",0,0
"CCOc1ccc(CN2CCC(=O)NC2=O)cc1",0,0
"CC[NH+]1CCN(Cc2nnnn2C(C)(C)C)CC1",0,0
"CCc1ccccc1N1C(=O)[C@H]2CC=CC[C@@H]2C1=O",0,0
"CCc1nn2cc(-c3ccccc3)[nH+]c2s1",0,0
"CCc1nnc(NC(=O)C2CCC2)s1",0,0
"CCc1nnc(NCn2nc(C)cc2C)s1",0,0
"CN(C)C(=O)Oc1ccc(C[NH+](C)C)cc1Cl",0,0
"CN(C)S(=O)(=O)NCc1ccc2c(c1)OCO2",0,0
"COC(=O)COc1ccc(C(=O)OC)cc1",0,0
"COC(=O)CSc1nc2ccccc2o1",0,0
"COC(=O)C[C@H]1[NH2+]CCNC1=O",0,0
"COC(=O)[C@@H]1C[C@H]1[C@@H](NC(C)=O)c1ccccc1",0,0
"COC(=O)c1cc(Cl)c(N)cc1OC",0,0
"COC(=O)c1ccccc1NC(=O)COC(C)=O",0,0
"COC(=O)c1noc(-c2ccc(OC)cc2)n1",0,0
"COCCCNc1nc2c([nH]1)c(=O)[nH]c(=O)n2C",0,0
"COCCn1cnc2cc(C)c(C)cc21",0,0
"COCc1c(C[NH3+])cnc(C)c1N",0,0
"COc1cc(C(=O)[O-])ccc1OC(C)=O",0,0
"COc1cc(C(=S)N2CCCC2)ccc1O",0,0
"COc1ccc(-n2nc(C)cc2[O-])cc1",0,0
"COc1ccc(CC(=O)N2CCNC2=O)cc1",0,0
"COc1ccc([C@H](O)CNc2ccc(C)cc2)cc1",0,0
"COc1cccc(NC(=O)CCP(C)(=O)[O-])c1",0,0
"COc1cccc(OC[C@H](O)CO)c1",0,0
"COc1ccccc1-c1noc(-c2ccco2)n1",0,0
"COc1ccccc1NC1=C(C)C(=O)CC1",0,0
"CSC1=[NH+]CCN1C(=O)c1cccs1",0,0
"CSCCC(=O)Nc1ccc(C(C)=O)cc1",0,0
"CSc1n[nH]c(NCc2ccccc2)n1",0,0
"CSc1nnc2c(n1)OC(C)=Nc1ccccc1-2",0,0
"C[C@@H]([NH2+]C(C)(C)C)C(=O)c1cccc(Cl)c1",0,0
"C[C@@]12/C(=N/O)[C@@H]3[C@H]4C[C@H]5[C@@H]3/C(=N/O)[C@@H]1[C@H]5[C@H]42",0,0
"C[C@H](C(=O)[O-])N1C(=O)CSC1=S",0,0
"C[C@H](Cc1ccccc1)C(=O)NCCO",0,0
"C[NH+](C)/C=C1/Nc2ccccc2C1=O",0,0
"C[NH+](C)C[C@@H](C(=O)c1ccccc1)c1ccccc1",0,0
"C[NH2+]Cc1cc2ccc(C)cc2nc1O",0,0
"Cc1[nH]nc2c1[C@@H](c1ccccc1F)CC(=O)N2",0,0
"Cc1cc(C)nc(Sc2c(C)n[nH]c2C)n1",0,0
"Cc1cc(CN2C(=O)c3ccccc3C2=O)on1",0,0
"Cc1cc(NC(=O)c2ccc3c(c2)OCO3)no1",0,0
"Cc1cc(OCC(=O)N2CCCC2)ccc1Cl",0,0
"Cc1ccc(-n2c(C)cc3c2CCCC3=O)cc1",0,0
"Cc1ccc(CNC2=[NH+]CCCCC2)n1C",0,0
"Cc1ccc(NC2=[NH+]C(=O)CS2)c(C)c1",0,0
"Cc1ccc(Nc2cccccc2=O)cc1",0,0
"Cc1cccc(-n2c(N)cc(=O)[nH]c2=S)c1",0,0
"Cc1cccc(N(C)c2cc(C)nc3ncnn23)c1",0,0
"Cc1cccc(Nc2ncccc2C(=O)[O-])c1C",0,0
"Cc1ccccc1NC1=[NH+]c2ccccc2CS1",0,0
"Cc1ccccc1[C@H]1CC(=O)NC2=C1C(=O)CCC2",0,0
"Cc1cnc(NC(=O)COc2ccccc2)s1",0,0
"Cc1cnn(C2CC[NH+](C)CC2)c1N",0,0
"Cc1csc2nc(=O)c(-c3ccccc3)nn12",0,0
"Cc1nc2cc(C(=O)[O-])ccc2n1-c1ccccc1",0,0
"Cc1noc(C)c1C(=O)Nc1ccccn1",0,0
"Cc1occc1C(=O)N[C@H](C)[C@H]1CCCO1",0,0
"Clc1ccc(CSc2ncccn2)cc1",0,0
"Cn1c(=O)c2c(nc(-n3ccnc3)n2C)n(C)c1=O",0,0
"Cn1c2ccccc2c2ccc(CC(=O)[O-])cc21",0,0
"Cn1cnc2c1c(=O)n(C[C@H](O)CO)c(=O)n2C",0,0
"Cn1nnnc1SCC(=O)c1ccco1",0,0
"FC(F)(F)c1ccccc1Nc1nccs1",0,0
"N#CCSc1nnc(N)s1",0,0
"Nc1cccc(-c2nc3ccccc3[nH]2)c1",0,0
"Nc1ccccc1C#CCCCCO",0,0
"Nc1ccccc1NC(=O)c1ccccc1",0,0
"Nc1nc(-c2ccc3c(c2)CCCC3)cs1",0,0
"Nc1nc2sc3c(c2c(=O)s1)CCCC3",0,0
"Nc1ncnc(Nc2ccccc2C(F)(F)F)n1",0,0
"O=C(CCC1CCCCC1)Nc1ccccc1O",0,0
"O=C(COC(=O)c1ccco1)NCc1ccco1",0,0
"O=C(Cn1c(=O)oc2ccccc21)c1ccccc1",0,0
"O=C(NCc1ccco1)c1cc(-c2ccco2)on1",0,0
"O=C(Nc1ccc(F)cc1)N1CCOCC1",0,0
"O=C(Oc1ccccc1)c1ccc2nccnc2c1",0,0
"O=C([O-])CCC(=O)CCC(=O)c1ccccc1",0,0
"O=C([O-])CCN1CCc2ccccc21",0,0
"O=C([O-])CCSc1nnnn1-c1ccccc1",0,0
"O=C([O-])[C@@H](Cc1ccccc1)n1cnnn1",0,0
"O=C([O-])[C@@H]1CC(=O)N(c2ccc(F)c(F)c2)C1",0,0
"O=C([O-])c1cc(=O)c2ccccc2o1",0,0
"O=C([O-])c1cccc(C(=O)[O-])n1",0,0
"O=C1CC(=O)CC(c2ccccc2Cl)C1",0,0
"O=C1CCCc2c1nn(-c1ccccc1)[n+]2[O-]",0,0
"O=C1c2ccccc2C(=O)C1c1ccncc1",0,0
"O=C1c2cccnc2C(=O)N1Cc1ccco1",0,0
"O=P([O-])([O-])C12CC3CC(CC(C3)C1)C2",0,0
"O=c1[nH]cnc2sc3c(c12)CCCC3",0,0
"O=c1c(-c2ccccc2)[n+]([O-])c2ccccc2n1O",0,0
"OCCNc1c2c([nH+]c3ccccc13)CCCC2",0,0
"O[C@@H]1C=CSc2nc3ccccc3n21",0,0
"O[C@H](Cn1cccn1)c1ccccc1",0,0
"O[C@H](c1ccccc1)c1nc2ccccc2s1",0,0
"[NH2+]=c1ccn(Cc2cccc(Cl)c2)cc1",0,0
"c1ccc2[nH]c(N3CCOCC3)nc2c1",0,0
"c1ccc2c(c1)oc1c(N3CCOCC3)ncnc12",0,0
"C=CCn1c(CCNC(=O)c2cccs2)nnc1SCC(=O)Nc1cccc(C(C)=O)c1",0,0
"C=CCn1cc(C(=O)NC[C@H]2CCCO2)c(=O)c2cc(S(=O)(=O)N3CCCCCC3)ccc21",0,0
"CC(=O)Nc1cc2c(cc1NC(=O)Cn1nc(-c3ccccc3F)ccc1=O)OCCO2",0,0
"CC(=O)c1ccc(N2CCN(C(=O)C3CCN(S(=O)(=O)Cc4ccccc4)CC3)CC2)cc1",0,0
"CC(C)(C)CC(=O)N1CCC(c2nc3n(Cc4c(F)cccc4Cl)[nH]nc-3c(=O)n2)CC1",0,0
"CC(C)C[C@H]1NC(=O)N(CC(=O)N2CCN(S(=O)(=O)c3ccc(Cl)cc3)CC2)C1=O",0,0
"CC(C)OCCCn1c(=[NH+]C(=O)c2ccncc2)c(C#N)cc2c(=O)n3ccccc3nc21",0,0
"CCC1=C(OC(=O)N(CC)CC)N2C(=O)O/C(=N\Cc3ccccc3)[C@]2(C)[C@H]2C1=CC[C@H]1C(=O)N(CC(=O)OC)C(=O)[C@H]12",0,0
"CCC1=C2CC[C@H]3C(=O)N(C)C(=O)[C@H]3[C@H]2[C@@]2(C)/C(=N/Cc3ccccc3)OC(=O)N2C1=O",0,0
"CCCCOc1ccc(C([O-])=C2C(=O)C(=O)N(CCCOC)[C@@H]2c2ccncc2)cc1C",0,0
"CCCCc1nc2ccccc2c(=O)n1NC(=O)c1c([O-])c2cccc3c2n(c1=O)CC3",0,0
"CCCCn1c(SCC(=O)N2C[C@H](C)C[C@@H](C)C2)nc2cc(S(N)(=O)=O)ccc21",0,0
"CCCCn1c(SCC(=O)Nc2nnc(CC)s2)nc2c1c(=O)n(C)c(=O)n2C",0,0
"CCCN(CCC)C(=O)Cn1c(=O)n(CCCCC(=O)NC2CCCC2)c(=O)c2ccccc21",0,0
"CCCNC(=O)c1c[nH]c2ccc(S(=O)(=O)N(C)c3ccc(OCC)cc3)cc2c1=O",0,0
"CCCOc1ccc(N2C(=O)C[C@@H]([NH+]3CCN(c4nc5ccccc5s4)CC3)C2=O)cc1",0,0
"CCCOc1ccc([C@@H]2c3c(oc4cc(C)c(C)cc4c3=O)C(=O)N2CCC[NH+](C)C)cc1",0,0
"CCN(CC)c1ccc([C@@H]2C(C(=O)OCCOC(C)C)=C(C)NC3=C2C(=O)CCC3)cc1",0,0
"CCN(CCCNC(=O)C1CCN(S(=O)(=O)N2CCOCC2)CC1)c1cccc(C)c1",0,0
"CCOC(=O)C1=C(C)NC2=C(C(=O)[C@H](C(=O)OC)[C@H](C)C2)[C@@H]1c1ccc(OC)c(O)c1",0,0
"CCOC(=O)CNC(=O)CSc1nnc(Cn2c(=O)sc3ccccc32)n1-c1ccccc1C",0,0
"CCOC(=O)CSc1nnc(CNC(=O)c2ccc(OC)cc2)n1-c1ccc(OC)cc1",0,0
"CCOC(=O)N1CCC(/N=c2/c(N3CCN(c4cccc(C(F)(F)F)c4)CC3)c([O-])c2=O)CC1",0,0
"CCOC(=O)[C@@H](C)Sc1nnc(Cn2c(=O)sc3ccccc32)n1-c1ccccc1",0,0
"CCOC(=O)[C@@](NC(C)=O)(Nc1ccc(S(=O)(=O)Nc2cc(C)nc(C)n2)cc1)C(F)(F)F",0,0
"CCOC(=O)c1cc2cc(-c3c(C(=O)OCC)oc4cc(O)cc([O-])c4c3=O)ccc2o1",0,0
"CCOC(=O)c1sc(NC(=O)CNC(=O)Cn2cnc3sc(C)c(C)c3c2=O)nc1C",0,0
"CCOCCCNC(=O)[C@H](c1ccccc1)N(Cc1ccc2c(c1)OCO2)C(=O)CNC(C)=O",0,0
"CCOc1cc(C(=O)CSc2nnc(CNc3ccc(Cl)cc3)o2)ccc1NC(=O)CC",0,0
"CCOc1ccc(C([O-])=C2C(=O)C(=O)N(CCCn3ccnc3)[C@@H]2c2cccs2)cc1Cl",0,0
"CCOc1ccc(N(C)S(=O)(=O)c2ccc3[nH]cc(C(=O)NC[C@H]4CCCO4)c(=O)c3c2)cc1",0,0
"CCOc1ccc(N(CC(=O)Nc2cccc(OC)c2)S(=O)(=O)c2c(C)noc2C)cc1",0,0
"CCOc1ccc2[nH]c(=O)c(CN(CCO)C(=O)c3ccc(Br)cc3)cc2c1",0,0
"CCOc1ccc2nc(N3CCC(C(=O)N4CCN(C(=O)c5ccco5)CC4)CC3)sc2c1",0,0
"CC[C@@H]1CCCCN1C(=O)CSc1nnc(CNC(=O)COc2ccc(Cl)cc2)o1",0,0
"CC[C@H](c1nnnn1Cc1ccccc1)[N@H+](Cc1ccco1)Cc1cc2cc(OC)ccc2nc1O",0,0
"CC[NH+](CC)CCCN(Cc1cc2cc3c(cc2nc1O)OCO3)C(=O)Nc1ccccc1OC",0,0
"CC[NH+](CC)CCN1C(=O)C(O)=C(C(=O)c2c(C)[nH]c(C(=O)OC)c2C)[C@H]1c1cccnc1",0,0
"CCn1c(SCC(=O)N2CCC(C(N)=O)([NH+]3CCCCC3)CC2)nnc1-c1ccccc1",0,0
"CCn1cc(C(=O)[O-])c(=O)c2cc(F)c(N3CCN(C(=O)Nc4ccccc4)CC3)cc21",0,0
"CN(C1CCCCC1)S(=O)(=O)c1ccc(S(=O)(=O)N2CCN(CCC#N)CC2)cc1",0,0
"CN1CC[NH+](Cc2nc3c(c(=O)n(C)c(=O)n3C)n2Cc2cccc3ccccc23)CC1",0,0
"COC(=O)c1[nH]c2cccc(C)c2c1NC(=O)C[NH+]1CCN(c2ccccc2OC)CC1",0,0
"COC(=O)c1ccc(C(=O)OC)c(NC(=O)C[NH+]2CCN(c3ccccc3OC)CC2)c1",0,0
"COCCCNC(=O)CCCn1c(=O)c2ccccc2n(CC(=O)Nc2c(C)cc(C)cc2C)c1=O",0,0
"COCCN1C(=O)c2ccccc2[C@@H](C(=O)NCCCN2CCCC2=O)[C@H]1c1c[nH]c2ccccc12",0,0
"COCCn1c(N)c(NCc2ccccc2)c(=O)n(CC(=O)Nc2cc(C)ccc2C)c1=O",0,0
"COc1cc(C(=O)N(Cc2cc3ccccc3[nH]c2=O)C[C@H]2CCCO2)cc(OC)c1OC",0,0
"COc1cc(OC)c(NC(=O)CCNS(=O)(=O)c2cc(Br)cnc2N)cc1Cl",0,0
"COc1cc(OC)cc(C(=O)N2CCN(C(=O)COc3ccc4ccccc4c3)CC2)c1",0,0
"COc1ccc(-c2nc(CSCC(=O)N3CCC(C(N)=O)CC3)c(C)o2)cc1OC",0,0
"COc1ccc(-n2c(Cc3cc(=O)[nH]c(=O)[nH]3)nnc2SCC(=O)NC2CCCC2)cc1",0,0
"COc1ccc(C(=O)NCc2nnc(SCC(=O)Nc3cc(C)cc(C)c3)o2)cc1OC",0,0
"COc1ccc(C)cc1NC(=O)Cn1cnc2sc(C)c(S(=O)(=O)N3CCOCC3)c2c1=O",0,0
"COc1ccc(CN(CC(=O)NC[C@H]2CCCO2)C(=O)CNS(=O)(=O)c2ccc(C)cc2)cc1",0,0
"COc1ccc(C[C@@H](NC(C)=O)C(=O)NC2CCN(c3c4c(nc5ncnn35)CCC4)CC2)cc1",0,0
"COc1ccc(C[NH+]2CCC(C(=O)N3CCN(c4ccccc4F)CC3)CC2)cc1OC",0,0
"COc1ccc(N(CC(=O)NCc2ccco2)S(=O)(=O)c2c(C)nn(C)c2C)cc1",0,0
"COc1ccc(N(CC(=O)Nc2ccc(C)cn2)S(=O)(=O)c2c(C)nn(C)c2C)cc1",0,0
"COc1ccc(NC(=O)CSc2nc3sc(C)c(C)c3c(=O)n2Cc2ccco2)cc1",0,0
"COc1ccc(NC(=O)C[C@@H]2C(=O)N(c3ccc(OC)cc3)C(=O)N2CC[NH+]2CCN(C)CC2)cc1",0,0
"COc1ccc(NC(=O)Cn2nnc(-c3ccccc3NC(=O)c3cccs3)n2)cc1",0,0
"COc1ccc(NC(=O)[C@H]2CCCN2S(=O)(=O)c2cccc3cccnc23)c(OC)c1",0,0
"COc1ccc(NC(=O)c2cccc(NC(=O)[C@@H]3[C@H]4C[C@H]5[C@@H]3C(=O)O[C@H]5C4)c2)c(OC)c1",0,0
"COc1ccc(OC)c(NC(=O)c2c(NC(=O)C[NH2+]Cc3ccco3)sc3c2CCC3)c1",0,0
"COc1ccc(OC)c2[nH]c(=O)c(CCNC(=O)c3ccc(S(=O)(=O)N4CCCCC4)cc3)cc12",0,0
"COc1ccc(S(=O)(=O)N(Cc2ccccc2)Cc2nc(=O)c3ccccc3[nH]2)cc1",0,0
"COc1ccc([C@@H]2C(C(C)=O)=C(C)N=c3s/c(=C\c4cc(C)n(C)c4C)c(=O)n32)c(OC)c1",0,0
"COc1ccc([C@@H]2[C@H](C(=O)NCC[NH+]3CCOCC3)c3ccccc3C(=O)N2C2CCCCC2)cc1",0,0
"COc1ccc([C@H](c2nnnn2C(C)(C)C)[NH+]2CCN(c3nc4ccccc4s3)CC2)cc1OC",0,0
"COc1ccc2[nH]c(=O)c(CN(Cc3cccs3)S(=O)(=O)c3cccc4nsnc34)cc2c1",0,0
"COc1cccc(CNC(=O)[C@@H](CCSC)NS(=O)(=O)c2ccc3c(c2)oc(=O)n3C)c1",0,0
"COc1cccc(N(CC(=O)Nc2cccc(N(C)S(C)(=O)=O)c2)S(C)(=O)=O)c1",0,0
"COc1cccc(NC(=O)CSc2nnc(-c3cc(-c4ccccn4)nc4ccccc34)o2)c1",0,0
"COc1cccc([C@@H](c2nnnn2CCc2ccccc2)[NH+]2CCN(c3ccccc3)CC2)c1OC",0,0
"COc1cccc([C@H](c2nnnn2Cc2ccccc2)[NH+]2CCN(C(=O)c3ccco3)CC2)c1OC",0,0
"COc1cccc2c1O[C@]1(C)C[C@H]2NC(=O)N1c1cccc(C(=O)N2CCN(c3ccccn3)CC2)c1",0,0
"COc1ccccc1N(C(=O)CNS(=O)(=O)c1ccccc1)[C@@H](C(=O)NCc1ccco1)C(C)C",0,0
"COc1ccccc1N1CCN(C(=O)CN(c2ccccc2OC)S(=O)(=O)c2ccccc2)CC1",0,0
"COc1ccccc1NC(=O)C1=C(C)Nc2nnnn2[C@@H]1c1cccc(Br)c1",0,0
"COc1ccccc1NC(=O)CSc1nnc(CNC(=O)COc2ccc(Cl)cc2)o1",0,0
"CS(=O)(=O)N1CCN(c2ccccc2NC(=O)CSc2ccc(Cl)cc2)CC1",0,0
"CS(=O)(=O)c1ccc(CNC(=O)[C@H]2C[C@@H]2[C@H](NP(=O)(c2ccccc2)c2ccccc2)c2ccccc2)cc1",0,0
"CS/C(=N\S(=O)(=O)c1cccs1)NC(=O)CSc1nc2ccccc2s1",0,0
"C[C@@H](NC(=O)CCNS(=O)(=O)c1ccc2c(c1)c(=O)n(C)c(=O)n2C)c1ccccc1",0,0
"C[C@@H]1C[C@@H](C)CN(C(=O)Cn2c(=O)n(CCCCC(=O)NCc3ccco3)c(=O)c3ccccc32)C1",0,0
"C[C@@H]1Cc2cc(C(=O)C3=C(O)C(=O)N(CC[NH+]4CCOCC4)[C@@H]3c3cccc(O)c3)ccc2O1",0,0
"C[NH+]1CCN(S(=O)(=O)c2cccc(C(=O)Nc3sc4c(c3C(N)=O)CCCC4)c2)CC1",0,0
"Cc1c(NC(=O)CSc2nnc(-c3cccc(Cl)c3)o2)c(=O)n(-c2ccccc2)n1C",0,0
"Cc1cc(C(=O)CN2C(=O)NC3(CCCCC3)C2=O)c(C)n1Cc1ccc2c(c1)OCO2",0,0
"Cc1cc(NC(=O)CSC2=[NH+]c3ccccc3C3=[NH+][C@H](Cc4ccccc4)C(=O)N23)[nH]n1",0,0
"Cc1ccc(S(=O)(=O)N[C@@H](C)C(=O)N2CCC(C(=O)N3CCC[C@H]3C(=O)[O-])CC2)cc1",0,0
"Cc1ccc([C@@H]2C(C(=O)c3cc4ccccc4o3)=C(O)C(=O)N2CC[NH+]2CCOCC2)o1",0,0
"Cc1ccc2c(c1)[C@@H]1C[N@H+](C)CC[C@H]1N2C(=O)COc1ccc(S(=O)(=O)N2CCOCC2)cc1",0,0
"Cc1ccc2c(c1)nnn2C1CCN(S(=O)(=O)c2ccc(C(=O)N3[C@H](C)CCC[C@H]3C)cc2)CC1",0,0
"Cc1ccc2cc(C[N@H+](Cc3cccs3)Cc3nnnn3C[C@H]3CCCO3)c(O)nc2c1",0,0
"Cc1ccc2nc(O)c(C[N@H+](Cc3ccc4c(c3)OCO4)Cc3nnnn3Cc3ccco3)cc2c1",0,0
"Cc1ccccc1-c1nc(C[NH+]2CCC(C(=O)NCCC[NH+]3CCOCC3)CC2)c(C)o1",0,0
"Cc1ccccc1CSCCNC(=O)CN(c1ccc2c(c1)OCO2)S(C)(=O)=O",0,0
"Cc1ccccc1S(=O)(=O)Cc1ccc(C(=O)N2CCN(c3cccc(C)c3C)CC2)o1",0,0
"Cc1ccnc(NC(=O)CCC(=O)N(CC(=O)NC2CCCCC2)c2ccc3c(c2)OCO3)c1",0,0
"Cc1nc2c(c(=O)n1CCC(C)C)c1nc3ccccc3nc1n2Cc1ccc2c(c1)OCO2",0,0
"Cc1noc(/C=C/[NH+](C)C)c1S(=O)(=O)N1CCC[C@@H](C(=O)NCc2ccc(F)cc2)C1",0,0
"Cn1c(=O)c2c(nc(C[NH+]3CCN(Cc4ccccc4)CC3)n2CC[NH+]2CCOCC2)n(C)c1=O",0,0
"Cn1c(=O)c2c(nc(C[NH+]3CCN(c4ccccc4)CC3)n2CC[NH+]2CCOCC2)n(C)c1=O",0,0
"Cn1c(=O)oc2cc(S(=O)(=O)NCCC(=O)N3CC=C(c4ccccc4)CC3)ccc21",0,0
"Cn1c(C(=O)NCCC[NH+]2CCN(c3ccccc3F)CC2)cc2c(=O)n(C)c3ccccc3c21",0,0
"Cn1c(SCC(=O)Nc2cccc(NC(=O)c3cccs3)c2)nnc1-c1ccncc1",0,0
"O=C(CCCC(=O)N(CC(=O)NC1CCCCC1)Cc1ccc2c(c1)OCO2)Nc1ccccn1",0,0
"O=C(CCSc1nc(-c2ccc3c(c2)OCO3)cc(C(F)(F)F)n1)NCc1ccco1",0,0
"O=C(CN(c1ccc2c(c1)OCCO2)S(=O)(=O)c1ccccc1)Nc1ccc2c(c1)OCO2",0,0
"O=C(CSc1nc(Nc2ccccc2)nc(N2CCOCC2)n1)Nc1ccc2c(c1)OCCO2",0,0
"O=C(CSc1nnc(-c2ccc(S(=O)(=O)N3CCCC3)cc2)o1)NCc1ccco1",0,0
"O=C(CSc1nnc(-c2ccco2)n1Cc1ccccc1)NC(=O)NCc1ccccc1",0,0
"O=C(NCC(=O)N(Cc1ccc(F)cc1)[C@H](C(=O)NC1CCCC1)c1ccco1)c1ccco1",0,0
"O=C(NCCC[NH+]1CCCC1)c1ccc(CS(=O)(=O)c2ccc(Br)cc2)o1",0,0
"O=C(NCCCn1ccnc1)c1cc(S(=O)(=O)N2CCOCC2)c(Cl)cc1Cl",0,0
"O=C(Nc1c(-c2ccccc2)nc2c(Br)cc(Br)cn12)c1ccco1",0,0
"O=C(Nc1ccccc1N1CCN(C(=O)c2ccc(Cl)cc2)CC1)c1ccc2c(c1)OCO2",0,0
"O=C(Oc1ccc(N(Cc2cccs2)C2=NS(=O)(=O)c3ccccc32)cc1)c1ccco1",0,0
"O=C([C@H]1CCCN(S(=O)(=O)c2cnc[nH]2)C1)N(CCc1ccccc1)Cc1ccccc1",0,0
"O=C([O-])CCCNc1cc(N2CCC3(CC2)OCCO3)c2noc3c2c1C(=O)c1ccccc1-3",0,0
"O=C1CCCCCN1Cc1nnc(SCc2nc3ccccc3s2)n1-c1ccccn1",0,0
"O=C1NC(=O)[C@]2(Cc3ccccc3N3CCN(c4ccccc4)C[C@@H]32)C(=O)N1c1ccccc1",0,0
"O=S(=O)(c1ccc(S(=O)(=O)N2CCCN(Cc3ccccc3)C2)cc1)N1CCCCCC1",0,0
"O=c1c2cc(N3CCOCC3)ccc2[nH]c(=S)n1CCC[NH+]1CCN(c2ccccc2F)CC1",0,0
"C/C=C/Cn1c(SCc2ccc(Cl)cc2)nc2c1c(=O)[nH]c(=O)n2C",0,0
"C=CCn1c(SCC(=O)Nc2cc(C)c(Cl)cc2OC)nnc1-c1ccco1",0,0
"C=CCn1c(SCC2=C(C(=O)OCC)[C@@H](C)NC(=O)N2)nnc1C1CCCCC1",0,0
"CC(=O)N1CCc2ccc(C(=O)C[NH+]3CCN(c4cccc(C)c4C)CC3)cc21",0,0
"CC(=O)NCCn1c(SCC(=O)NCCC2=CCCCC2)nc2ccccc2c1=O",0,0
"CC(=O)Nc1ccc(C(=O)CSc2nnc3scc(-c4ccccc4)n23)cc1",0,0
"CC(=O)Nc1ccc(S(=O)(=O)N(Cc2ccco2)C[C@H]2CCCO2)cc1",0,0
"CC(=O)Nc1ccc(S(=O)(=O)Nc2ccc(NC(=O)c3ccco3)cc2)cc1",0,0
"CC(C)(C)NC(=O)Cn1c(SCC(=O)NC2CCCCC2)nc2ccccc21",0,0
"CC(C)(C)NC(=O)[C@H](c1ccccc1F)N(Cc1ccco1)C(=O)c1csnn1",0,0
"CC(C)(C)OC(=O)N1CCC[C@H]1c1nnc(SCc2ccc(Cl)cc2Cl)o1",0,0
"CC(C)(C)n1nnnc1[C@@H](c1cccs1)[N@H+](Cc1ccccc1)Cc1ccco1",0,0
"CC(C)C(=O)N1CCN(c2ccccc2NC(=O)Cc2ccc(Cl)cc2)CC1",0,0
"CC(C)CCNC(=O)NC(=O)CSc1nnc(-c2ccccc2F)n1N",0,0
"CC(C)COc1ccc(C(=O)C2=C(O)C(=O)N(CC[NH+](C)C)[C@@H]2c2ccncc2)cc1",0,0
"CC(C)C[C@H](C(=O)Nc1ccc2c(c1)OCCO2)N1C(=O)c2ccccc2C1=O",0,0
"CC(C)Cc1ccc(S(=O)(=O)N2CCN(C(=O)c3ccco3)CC2)cc1",0,0
"CC(C)Cn1c(N)c(C(=O)NCc2cccs2)c2nc3ccccc3nc21",0,0
"CC(C)n1c(SCC(=O)c2ccc3c(c2)OCCO3)nc2c1c(=O)n(C)c(=O)n2C",0,0
"CC([NH2+]C1CC[NH+](Cc2ccccc2)CC1)=C1C(=O)N(C)C(=O)N(C)C1=O",0,0
"CC1=C(C(=O)OCc2ccccc2)[C@@H](c2ccco2)C2=C(CC(C)(C)CC2=O)N1",0,0
"CCC(=O)c1ccc(N2CCN(C(=O)c3ccc(Br)cc3)CC2)c(F)c1",0,0
"CCC(C)(C)n1nnnc1[C@@H](c1cccs1)[N@H+]1CC=C(c2ccc(F)cc2)CC1",0,0
"CCC(CC)COC(=O)[C@@H](C#N)c1nc2ccccc2nc1N1CC[NH+](CC)CC1",0,0
"CCCCCCOC(=O)[C@@H](C#N)c1nc2ccccc2nc1N1CC[NH+](C)CC1",0,0
"CCCCCn1c(N2CCOCC2)nc2c1c(=O)n(CC(N)=O)c(=O)n2C",0,0
"CCCCCn1c(SCCc2ccccc2)nc2c1c(=O)[nH]c(=O)n2C",0,0
"CCCCN(CCCC)S(=O)(=O)c1ccc(C(=O)Nc2nnc(COC)o2)cc1",0,0
"CCCCNC(=O)[C@H]1c2cc(OC)c(OC)cc2C(=O)N(C)[C@@H]1c1ccc(OC)cc1",0,0
"CCCCOC(=O)[C@H]1[C@H]2C(=O)N([C@H](C)c3ccc(OC)cc3)C[C@]23C=C[C@H]1O3",0,0
"CCCC[S@@](=O)C[C@H](COc1ccc(Cl)cc1)OC(=O)c1ccccc1",0,0
"CCCCn1c(SCC(=O)c2ccc3c(c2)OCCO3)nnc1-c1ccoc1C",0,0
"CCCOCCOC(=O)C1=C(C)NC(=O)N[C@@H]1c1cc(Cl)c(O)c(OC)c1",0,0
"CCC[NH+]1[C@@H]2CCC[C@H]1CC(NC(=O)c1cc(OC)c(OC)c(OC)c1)C2",0,0
"CCCn1c(=O)c2ccccc2n2c(SCN3C(=O)c4ccccc4C3=O)nnc12",0,0
"CCCn1c(SCC(=O)Nc2cccc(C(=O)OCC)c2)nnc1-c1ccoc1C",0,0
"CCCn1cc(S(=O)(=O)CC(=O)Nc2ccc(OCC)cc2)c2ccccc21",0,0
"CCN(CC)S(=O)(=O)c1ccc(/C(O)=C(\C#N)c2nc3ccccc3n2C)cc1",0,0
"CCN(CC)S(=O)(=O)c1ccc2nc(COC(=O)c3n[nH]c4ccccc34)[nH]c2c1",0,0
"CCN(CC)c1ccc(NC(=O)[C@H]2CCCN(S(=O)(=O)c3cccnc3)C2)c(C)c1",0,0
"CCN1C(c2ccc(F)cc2)=CS/C1=C(\C#N)c1nnc2n1-c1ccccc1SC2",0,0
"CCOC(=O)CCN(Cc1cccs1)S(=O)(=O)c1ccc(Cl)cc1",0,0
"CCOC(=O)CNC(=O)CSc1nnc(-c2ccco2)n1Cc1ccco1",0,0
"CCOC(=O)CSC1=C(C#N)[C@@H](c2ccc(C)cc2)C2=C(CCCC2=O)N1",0,0
"CCOC(=O)Cc1csc(NC(=O)CS(=O)(=O)Cc2ccccc2)n1",0,0
"CCOC(=O)N1CCC(NC(=O)[C@@H](C)n2c3ccccc3c3cnn(C)c(=O)c32)CC1",0,0
"CCOC(=O)N1CCC(n2c(=S)[nH]c3cc(OC)c(OC)cc3c2=O)CC1",0,0
"CCOC(=O)N1CCN(C(=O)COc2cc(=O)n(C)c3ccccc23)CC1",0,0
"CCOC(=O)N1CCN(C(=O)COc2cc(=O)n(CC)c3ccccc23)CC1",0,0
"CCOC(=O)N1CCN(C(=O)[C@H](NC(=O)C2CCC(C)CC2)C(C)C)CC1",0,0
"CCOC(=O)N1CCN(C(=O)c2cccn3c(=O)c4sccc4nc23)CC1",0,0
"CCOC(=O)N1CCN(c2ncnc3c2oc2nc(C)c4c(c23)CC(C)(C)OC4)CC1",0,0
"CCOC(=O)[C@@H]1C(=O)N(C(=O)c2cncc(Br)c2)C[C@H]1c1ccccc1",0,0
"CCOC(=O)[C@H]1CCCN(C(=O)CN2C(=O)[C@@H](CC)Oc3ccc(C)cc32)C1",0,0
"CCOC(=O)[C@](NC(=O)c1ccccc1OCC)(Nc1ncccn1)C(F)(F)F",0,0
"CCOC(=O)c1cc2c(ccn2C)n1CC(=O)N1CCN(c2ccccc2OC)CC1",0,0
"CCOC(=O)c1ccc(N2C(=O)C(O)=C(C(C)=O)[C@H]2c2ccc(O)c(OC)c2)cc1",0,0
"CCOC(=O)c1cnc(SCC(=O)Nc2cc(OC)cc(OC)c2)nc1N",0,0
"CCOC(=O)c1sc(NC(=O)CSc2nncs2)c(C(=O)OCC)c1C",0,0
"CCOCCCn1c(=S)[nH]c2cc(C(=O)N3CC[NH+](C)CC3)ccc2c1=O",0,0
"CCOCCCn1c(=S)[nH]c2cc(C(=O)NCC[NH+](CC)CC)ccc2c1=O",0,0
"CCOc1cc(NS(=O)(=O)CC)c(OCC)cc1NC(=O)c1ccco1",0,0
"CCOc1ccc(-n2c(Cc3cc(=O)[nH]c(=O)[nH]3)nnc2SCC)cc1",0,0
"CCOc1ccc(N(CC(=O)NC(C)(C)C)S(=O)(=O)c2c(C)noc2C)cc1",0,0
"CCOc1ccc(N(CC)S(=O)(=O)c2ccc3c(c2)oc(=O)n3C)cc1",0,0
"CCOc1ccc(NC(=O)CN2CC[NH+](CC(=O)Nc3ccc(F)c(F)c3)CC2)cc1",0,0
"CCOc1ccc(NC(=O)N2CC=C(n3c(=O)[nH]c4ccccc43)CC2)cc1",0,0
"CCOc1ccc(OCC)c(NC(=O)CCCN2C(=O)c3cccnc3C2=O)c1",0,0
"CCOc1ccc2ccccc2c1C(=O)N[C@@H]1C(=O)N2[C@@H]1SC(C)(C)[C@@H]2C(=O)[O-]",0,0
"CCOc1ccccc1C(=O)NC1CC[NH+](Cc2nnnn2C2CCCC2)CC1",0,0
"CCOc1ccccc1C[N@@H+](CCc1ccc2c(c1)OCO2)Cc1ccccn1",0,0
"CCOc1nc(-c2ccc(OC)cc2)ccc1-c1noc(-c2ccncc2)n1",0,0
"CC[C@@H](C)NC(=O)c1c(N)n(/N=C/c2ccccn2)c2nc3ccccc3nc12",0,0
"CC[C@@H](C)NC(=O)c1cn(CC)c2ccc(S(=O)(=O)N(C)C)cc2c1=O",0,0
"CC[C@H](c1nnnn1Cc1ccc2c(c1)OCO2)[NH+]1CCN(c2ccccc2)CC1",0,0
"CC[C@](C)(C(=O)NC1CCCCC1)N(Cc1ccco1)C(=O)c1ccc2c(c1)OCO2",0,0
"CC[NH+](CC)CCCNC(=O)[C@@H]1c2ccccc2C(=O)N1Cc1ccc(C)cc1",0,0
"CCc1ccc(N2C(=O)[C@H]3[C@H](ON(c4ccccc4)[C@@H]3c3ccco3)C2=O)cc1",0,0
"CCc1ccccc1-n1c(SCC(=O)N2CCCC2)nnc1-c1ccccn1",0,0
"CCc1nnc(NC(=O)CCC(=O)N2CC[NH+](Cc3ccccc3)CC2)s1",0,0
"CCc1nnc(NC(=O)c2ccc(S(=O)(=O)N(CC)Cc3ccccc3)cc2)o1",0,0
"CCn1c(=O)cc(OCC(=O)N2CCN(C(=O)c3ccco3)CC2)c2ccccc21",0,0
"CCn1c(SCC(=O)NCC(=O)Nc2ccc(F)cc2)nnc1-c1cccs1",0,0
"CCn1c(SCC(=O)Nc2cc(F)ccc2C)nnc1-c1ccccc1O",0,0
"CCn1c2ccccc2c2nnc(SCC(=O)Nc3ccc4c(c3)OCO4)nc21",0,0
"CCn1nnc(-c2ccccc2NC(=O)c2cc(OC)c(OC)c(OC)c2)n1",0,0
"CN(C(=O)COc1nnc(-c2cccs2)c(-c2cccs2)n1)c1ccccc1",0,0
"CN(Cc1ccccc1)C(=O)CCCn1c(=O)[nH]c2cc(Cl)ccc2c1=O",0,0
"CN1CC[NH+](C[C@H](O)COc2ccc(OC[C@@H](O)C[NH+]3CCN(C)CC3)cc2)CC1",0,0
"COC(=O)CSc1nnc(CNC(=O)c2ccco2)n1-c1ccc(F)cc1",0,0
"COC(=O)c1cc2nc(-c3ccc(OC)c(OC)c3)cc(C(F)(F)F)n2n1",0,0
"COC(=O)c1cc2sc(Cl)cc2n1CC(=O)Nc1cccc(SC)c1",0,0
"COC(=O)c1cc2sccc2n1CC(=O)Nc1cc(OC)cc(OC)c1",0,0
"COC(=O)c1cccc(NC(=O)CSc2nc(=O)cc(N)n2-c2ccccc2)c1",0,0
"COC(=O)c1ccccc1NC(=O)CSc1nnc(Cc2ccc(Cl)cc2)o1",0,0
"COC(=O)c1ccccc1NC(=O)C[NH+]1CCC(n2nnc3cc(C)ccc32)CC1",0,0
"COC(=O)c1ccccc1NC(=O)C[NH+]1CCN(C(=O)c2ccco2)CC1",0,0
"COC(=O)c1ccccc1N[C@@H](NC(=O)c1ccco1)C(=O)c1ccc(C)cc1",0,0
"COCCCN1C(=O)C(=O)C(=C([O-])c2ccc(OCC(C)C)cc2)[C@H]1c1cccnc1",0,0
"COCCCNC(=O)CS(=O)(=O)Cc1nc(-c2ccccc2C)oc1C",0,0
"COCCCn1c(-c2ccsc2)nc2c1c(=O)[nH]c(=O)n2Cc1ccccc1",0,0
"COCCNC(=O)CN(c1cc(C(F)(F)F)ccc1Cl)S(C)(=O)=O",0,0
"COCCNC(=O)c1ccc(N2CCCCC2)c(NS(=O)(=O)c2ccc(C)cc2)c1",0,0
"COCCOC(=O)C1=C(C)[NH+]=C2SCCC(=O)N2[C@@H]1/C=C/c1ccccc1",0,0
"COCc1nnc(SCC(=O)N[C@H](C)c2ccccc2)n1-c1ccccc1",0,0
"COCc1nnc(SCC(=O)Nc2cccc(Cl)c2C)n1-c1ccccc1",0,0
"COc1cc(C(=O)NCCC(=O)NC2CCCCCCC2)cc(OC)c1OC",0,0
"COc1cc(C)c(C(=O)Oc2cc(C)c(C(=O)[O-])c(O)c2C)c(OC)c1C",0,0
"COc1cc(CC(=O)Nc2ccc(S(=O)(=O)N(C)C)cc2)cc(OC)c1OC",0,0
"COc1cc(CC2C(=O)N(C)C(=O)N(C)C2=O)ccc1OCc1ccccc1",0,0
"COc1cc(C[NH+]2CCN(S(=O)(=O)c3ccc(F)cc3)CC2)cc(OC)c1OC",0,0
"COc1cc([C@@H]2C(C(N)=O)=C(C)Nc3nc(CCCO)nn32)cc(OC)c1OC",0,0
"COc1cc([C@H]2CC(=O)NC(SCC(=O)Nc3ccccc3C)=C2C#N)ccc1O",0,0
"COc1ccc(-c2nc(C[S@](=O)CC(=O)NCc3ccc(Cl)cc3)c(C)o2)cc1",0,0
"COc1ccc(-c2nc3cc(NC(=O)c4ccc5c(c4)OCO5)ccc3o2)cc1",0,0
"COc1ccc(-c2nc3ccccc3c(=O)n2CCC[NH+]2CCOCC2)cc1",0,0
"COc1ccc(-c2nnc(SCc3nnc(-c4ccccc4)o3)n2C)cc1OC",0,0
"COc1ccc(-c2noc(CCC(=O)N3CC[NH+](Cc4ccccc4)CC3)n2)cc1",0,0
"COc1ccc(-n2ccnc2SCC(=O)NCc2ccc3c(c2)OCO3)cc1",0,0
"COc1ccc(C(=O)N(CCCO)Cc2cc3c(C)ccc(C)c3[nH]c2=O)cc1OC",0,0
"COc1ccc(C(=O)N(Cc2nc(-c3ccc(C)cc3)no2)C(C)C)cc1OC",0,0
"COc1ccc(C(=O)Nc2ccc(S(=O)(=O)Nc3onc(C)c3C)cc2)cc1",0,0
"COc1ccc(C2=NO[C@@H]3C(=O)N(c4ccc(C)cc4C)C(=O)[C@H]23)cc1OC",0,0
"COc1ccc(CCN(C)C(=O)CN2C(=O)c3ccccc3S2(=O)=O)cc1OC",0,0
"COc1ccc(CCN2C(=O)C[C@@H]([NH2+]Cc3ccc4c(c3)OCO4)C2=O)cc1OC",0,0
"COc1ccc(CNC(=O)COC(=O)c2n[nH]c3ccccc23)cc1OC",0,0
"COc1ccc(CNc2n[nH]c(NCc3ccc(OC)c(OC)c3)n2)cc1OC",0,0
"COc1ccc(CNc2nc(-c3cccnc3)nn2C(=O)c2cccs2)cc1",0,0
"COc1ccc(N(Cc2cc3cc(OC)ccc3[nH]c2=O)S(C)(=O)=O)cc1",0,0
"COc1ccc(NC(=O)CCNC(=O)Cn2ccc3ccccc3c2=O)c(OC)c1",0,0
"COc1ccc(NC(=O)CS[C@@H]2CC(=O)N(c3ccc4c(c3)OCCO4)C2=O)cc1",0,0
"COc1ccc(NC(C)=O)cc1NC(=O)CCn1c(=O)sc2ccccc21",0,0
"COc1ccc(OC)c(NC(=O)CSc2nnc(C)n2Cc2ccccc2)c1",0,0
"COc1ccc(OC)c(NC(=O)c2nnn(Cc3ccccc3C)c2N)c1",0,0
"COc1ccc(OC)c([C@H](c2nnnn2C[C@H]2CCCO2)[NH+]2CCN(C)CC2)c1",0,0
"COc1ccc(S(=O)(=O)N(C)c2ccc(C(=O)N3CCOCC3)cc2)cc1OC",0,0
"COc1ccc(S(=O)(=O)N2CCC(C(=O)N3CCc4ccccc4C3)CC2)cc1",0,0
"COc1ccc([C@@H]2C(C(N)=O)=C(C)Nc3nc(-c4ccccc4)nn32)cc1OC",0,0
"COc1ccc([C@@H]2C[C@H](C(F)(F)F)n3nc(CO)c(Cl)c3N2)cc1OC",0,0
"COc1ccc2cc3cc(C(=O)Nc4ccccc4N4CC[NH+](C)CC4)oc3nc2c1",0,0
"COc1cccc(C(=O)N(Cc2ccc(N(C)C)cc2)[C@@H]2CCS(=O)(=O)C2)c1",0,0
"COc1cccc(C(=O)Nc2ccc(S(=O)(=O)Nc3onc(C)c3C)cc2)c1",0,0
"COc1cccc(NC(=O)c2nnn(Cc3ccc(Br)cc3F)c2N)c1",0,0
"COc1cccc(OC)c1NC(=O)[C@H]1CCCN1C(=O)NCc1ccccc1",0,0
"COc1cccc([C@H]2NC(=O)NC(C)=C2C(=O)Nc2cc(OC)ccc2OC)c1",0,0
"COc1cccc2cc(C(=O)Nc3cccnc3N3CCOCC3)c(=O)oc12",0,0
"COc1ccccc1N1CCN(C(=O)c2ccccc2Oc2ccccc2)CC1",0,0
"COc1ccccc1N1CCN(S(=O)(=O)C[C@]23CC[C@H](CC2=O)C3(C)C)CC1",0,0
"COc1ccccc1NC(=O)C[NH+]1CCN(C2c3ccccc3-c3ccccc32)CC1",0,0
"COc1ccccc1Nc1nc(N)nc(CSc2nc(C)cc(C)n2)n1",0,0
"COc1ccccc1S(=O)(=O)Cc1ccc(C(=O)NCc2ccc3c(c2)OCO3)o1",0,0
"COc1ccccc1[C@@H]1C(C(N)=O)=C(C)Nc2nc(-c3ccccc3Cl)nn21",0,0
"CS(=O)(=O)N(C(=O)[N-]C(=O)N[C@@H]1CCS(=O)(=O)C1)C1CCCCC1",0,0
"CS(=O)(=O)N1CCc2cc(-c3csc(NC(=O)Cc4cccs4)n3)ccc21",0,0
"CS(=O)(=O)Nc1ccc(C(=O)Nc2ccccc2C(=O)N2CCCC2)cc1",0,0
"C[C@@H]1C=C[C@](Cc2ccccc2)(C(=O)NCC2CC2)N1C(=O)c1ccccc1",0,0
"C[C@@H]1Cc2ccccc2N1C(=O)CSc1nnc(CSc2ncccn2)n1C",0,0
"C[N@H+]1CSC2=C(C#N)[C@@H](c3cccc(OCc4ccccc4)c3)CC(=O)N2C1",0,0
"C[NH+]1CCN(S(=O)(=O)c2ccc(NC(=O)Nc3cccc(Cl)c3)cc2)CC1",0,0
"Cc1[nH]c(=O)[nH]c(=O)c1NC(=O)CSc1ncccc1-c1nc2ccccc2[nH]1",0,0
"Cc1c(/N=C/C=C2\N(C)c3ccccc3C2(C)C)c(=O)n(-c2ccccc2)n1C",0,0
"Cc1c(N2C(=O)[C@@H](C)S[C@@]23C(=O)Nc2ccccc23)c(=O)n(-c2ccccc2)n1C",0,0
"Cc1c(NS(=O)(=O)c2ccc3c(c2)n(C)c(=O)n3C)c(=O)n(-c2ccccc2)n1C",0,0
"Cc1cc(C(=O)Cn2nnc3ccccc3c2=O)c(C)n1Cc1cccs1",0,0
"Cc1cc(C)cc(NC(=O)CN(C)S(=O)(=O)c2cccc3nsnc23)c1",0,0
"Cc1cc(C)n(-c2nc3c(c(=O)[nH]c(=O)n3C)n2C[C@H](O)COc2ccccc2)n1",0,0
"Cc1cc(Cl)c(S(=O)(=O)Nc2ccc3c(c2)OCO3)cc1OCC(N)=O",0,0
"Cc1cc(NC(=O)c2cc3n(n2)[C@@H](C(F)(F)F)C[C@@H](c2ccco2)N3)no1",0,0
"Cc1cc2nc(NC3=NC[N@H+](CCN4CCOCC4)CN3)nc(C)c2cc1C",0,0
"Cc1ccc(-n2c(SCC(=O)N3CCOCC3)nnc2-c2cccnc2)cc1C",0,0
"Cc1ccc(C)c(N2CCN(C(=O)CN(C)S(=O)(=O)c3cnc[nH]3)CC2)c1",0,0
"Cc1ccc(Cn2c(C[N@H+](C)Cc3ccccc3)nc3c2c(=O)n(C)c(=O)n3C)cc1",0,0
"Cc1ccc(Cn2nc(C)c(NC(=O)c3cc(-c4ccco4)on3)c2C)cc1",0,0
"Cc1ccc(NC(=O)CN(C)C(=O)CCCN2C(=O)c3ccccc3C2=O)cc1",0,0
"Cc1ccc(NC(=O)[C@H]2CCCN(S(=O)(=O)c3c(C)noc3C)C2)c(C)c1",0,0
"Cc1ccc(NS(=O)(=O)c2cc(C(=O)N3CCOCC3)ccc2C)cc1C",0,0
"Cc1ccc(S(=O)(=O)N2CCC(C(=O)N3CCC4(CC3)OCCO4)CC2)cc1",0,0
"Cc1ccc(S(=O)(=O)N2CCOCC2)cc1C(=O)NCc1ccc(F)cc1",0,0
"Cc1ccc([C@@H](C(=O)NC(C)(C)C)N(C(=O)c2csnn2)c2cccc(F)c2)o1",0,0
"Cc1ccc2nc(NC(=O)CSc3nc4c(c(=O)n3C)S[C@H](C)C4)sc2c1",0,0
"Cc1cccc(-n2ncc3c(Nc4c(C)n(C)n(-c5ccccc5)c4=O)ncnc32)c1",0,0
"Cc1cccc(C)c1NC(=O)C[S@@](=O)CC(=O)N[C@@H]1CCCc2ccccc21",0,0
"Cc1cccc(N2CCN(C(=O)c3cc4c(=O)n(C)c5ccccc5c4n3C)CC2)c1C",0,0
"Cc1cccc(NC(=O)[C@H]2CCCN(S(=O)(=O)c3cccc4cccnc34)C2)c1",0,0
"Cc1ccccc1-n1c(Cn2c(=O)sc3ccccc32)nnc1SCC(N)=O",0,0
"Cc1ccccc1C(=O)NC1CC[NH+](Cc2nnnn2CCc2ccccc2)CC1",0,0
"Cc1ccccc1CS(=O)(=O)Cc1ccc(C(=O)NCCC[NH+]2CCOCC2)o1",0,0
"Cc1ccccc1NC(=O)c1cnn(-c2ccccc2)c1NC(=O)c1ccco1",0,0
"Cc1ccccc1Nc1nc(CSc2nnc(-c3ccoc3C)n2C)cs1",0,0
"Cc1ccccc1OCc1nnc(SCC(=O)Nc2ccc3c(c2)OCO3)n1C",0,0
"Cc1n[nH]c(C)c1S(=O)(=O)N1CCC[C@H](C(=O)Nc2ccc3c(c2)OCCO3)C1",0,0
"Cc1nc(NCc2ccccc2)c2nc(-c3ccccc3)n(CCC[NH+](C)C)c2n1",0,0
"Cc1nc2ccc(S(=O)(=O)N[C@@H](C(=O)N3CCCCCC3)C(C)C)cc2s1",0,0
"Cc1nc2ccc3nc(NC(=O)c4ccc5c(c4)OCCO5)sc3c2s1",0,0
"Cc1nn(-c2ccc(Cl)cc2)c2sc(C(=O)N3CCN(c4ccccn4)CC3)cc12",0,0
"Cc1nn(-c2ccccc2)c(C)c1C(=O)OC/C(O)=C(\C#N)c1nc2ccccc2[nH]1",0,0
"Cc1nn(-c2ccccc2)c(OC(=O)c2cccs2)c1S(=O)(=O)c1ccccc1",0,0
"Cc1nn(-c2ccccc2)c2c1[C@@]1(C(=O)N(C(C)C)c3ccccc31)C(C#N)=C([NH3+])O2",0,0
"Cc1nn(C)c(C)c1S(=O)(=O)N1CCC(C(=O)NCCC2=CCCCC2)CC1",0,0
"Cc1nn(C)cc1NC(=O)CCSc1nc(-c2ccco2)cc(C(F)(F)F)n1",0,0
"Cc1nnc(SCC(=O)NCCOc2ccc(Cl)cc2)n1-c1ccccc1",0,0
"Cc1noc(C)c1CSc1nnc(-c2ccncc2)n1-c1cccc(Cl)c1C",0,0
"Cc1noc(C)c1S(=O)(=O)[N-]c1ccc(C(=O)NC2CCCCC2)cc1",0,0
"Cc1occc1-c1nnc(SCC(=O)c2ccc(Cl)cc2)n1C[C@H]1CCCO1",0,0
"Cc1onc(-c2c(Cl)cccc2Cl)c1C(=O)NCC[NH+]1CCOCC1",0,0
"Cc1onc(-c2ccccc2)c1C(=O)Nc1ccc(S(=O)(=O)N2CCCCC2)cc1",0,0
"Cn1c(=O)[nH]c(=O)c2c1nc(N1CC[NH+](C)CC1)n2CCSc1ncccn1",0,0
"Cn1c(=O)c2c(nc(C[NH+]3CCOCC3)n2CCCc2ccccc2)n(C)c1=O",0,0
"Cn1c(=O)c2c(nc(C[NH+]3CCOCC3)n2CC[NH+]2CCOCC2)n(C)c1=O",0,0
"Cn1c(=O)c2c(nc(NC3CCCCC3)n2C[C@H](O)COc2ccccc2)n(C)c1=O",0,0
"Cn1c(=O)c2ncn(CC(=O)NCCOc3ccc(C(C)(C)C)cc3)c2n(C)c1=O",0,0
"Cn1c(C(=O)N2CCC3(CC2)OCCO3)cc2c(=O)n(C)c3ccccc3c21",0,0
"Fc1ccccc1N1CC[NH+]([C@H](c2ccccn2)c2nnnn2C2CCCCC2)CC1",0,0
"NS(=O)(=O)c1cc2c(cc1Cl)N[C@@H](CC1CCCC1)NS2(=O)=O",0,0
"O=C(C1=C(O)C(=O)N(CCc2ccccc2)[C@@H]1c1cccnc1)c1ccco1",0,0
"O=C(CCC(=O)N1CCN(c2ccccn2)CC1)Nc1nnc(C2CCCCC2)s1",0,0
"O=C(CC[NH+]1CCN(CC(=O)Nc2ccccc2F)CC1)Nc1ccccc1F",0,0
"O=C(CS(=O)(=O)Cc1ccccc1)N1CCN(C(=O)c2ccco2)CC1",0,0
"O=C(CSc1nc2c(c(=O)n1-c1ccc(F)cc1)SCC2)N1CCCC1",0,0
"O=C(CSc1nnc(-c2ccco2)n1C[C@H]1CCCO1)NC1CCCC1",0,0
"O=C(C[NH+]1CCN(c2ccccn2)CC1)N(c1ccccc1)c1ccc2ccccc2c1",0,0
"O=C(C[NH+]1CCN(c2nc(-c3ccccc3)cs2)CC1)Nc1ccc2c(c1)OCO2",0,0
"O=C(C[NH+]1CCN(c2ncccn2)CC1)N(Cc1ccccc1)c1ccc(F)cc1",0,0
"O=C(Cn1c(=O)sc2ccccc21)Nc1ccc(S(=O)(=O)N2CCCC2)cc1",0,0
"O=C(N1CCOCC1)C(F)(F)C(F)(F)C(F)(F)C(F)(F)C(=O)N1CCOCC1",0,0
"O=C(NC1CCCC1)[C@H](c1cccs1)N(Cc1ccco1)C(=O)c1csnn1",0,0
"O=C(NC1CCCCC1)[C@H](c1cccs1)N(C[C@H]1CCCO1)C(=O)c1csnn1",0,0
"O=C(NC1CCCCCC1)c1cc2n(n1)[C@@H](C(F)(F)F)C[C@@H](c1ccco1)N2",0,0
"O=C(NCC[NH+]1CCOCC1)c1ccc(CS(=O)(=O)Cc2ccccc2F)o1",0,0
"O=C(NCc1ccco1)c1c[nH]c2ccc(S(=O)(=O)N3CCOCC3)cc2c1=O",0,0
"O=C(NCc1ccco1)c1nc2nc(-c3cccs3)cc(C(F)(F)F)n2n1",0,0
"O=C(NCc1nc2ccccc2[nH]1)c1ccc(S(=O)(=O)N2CCOCC2)cc1",0,0
"O=C(N[C@H](Cc1c[nH]c2ccccc12)c1nnc2n1CCCCC2)c1cccs1",0,0
"O=C(Nc1ccc(Cl)cc1C(=O)NCC[NH+]1CCOCC1)c1ccco1",0,0
"O=C(Nc1ccc(N2CC[NH+](Cc3ccccc3Cl)CC2)cc1)c1cccnc1",0,0
"O=C(Nc1ccc(Oc2ccc(NC(=O)[C@H]3CCCO3)cc2)cc1)[C@H]1CCCO1",0,0
"O=C(Nc1ccc(S(=O)(=O)Nc2ccc(Cl)cc2)cc1)[C@H]1CCCO1",0,0
"O=C(Nc1ccc2c(c1)oc1ccc(S(=O)(=O)N3CCCC3)cc12)C1CC1",0,0
"O=C(Nc1nc(-c2ccccc2)cs1)[C@H]1CCCCN1S(=O)(=O)c1ccccc1",0,0
"O=C(O[C@H](C(=O)NCc1ccc2c(c1)OCO2)c1ccc(Cl)cc1)c1ccco1",0,0
"O=C([O-])c1ccc(N2C(=O)[C@H]3[C@H](ON(c4ccccc4)[C@@H]3c3ccccc3F)C2=O)cc1",0,0
"O=C(c1cc(C2CC2)on1)N1CC[NH+](C(c2ccccc2)c2ccccc2)CC1",0,0
"O=C(c1ccco1)N1CC[NH+]([C@H](c2cccs2)c2nnnn2C2CCCCC2)CC1",0,0
"O=C1CCCC2=C1[C@@H](c1cccs1)n1nc(SCc3ccccc3F)nc1N2",0,0
"O=C1CCCc2c1cc(C(=O)N[C@@H]1CCSC1=O)c(=O)n2-c1ccccc1",0,0
"O=C1CN(C(=O)CSc2nnnn2-c2ccc(Cl)cc2)c2ccccc2N1",0,0
"O=C1C[C@@H](c2ccc(F)cc2)Cc2nc(N3CCN(c4ccccc4)CC3)ncc21",0,0
"O=C1C[C@H](C(=O)Nc2ccc(C(=O)N3CCOCC3)cc2)C2(CCCCC2)O1",0,0
"O=C1Nc2ccccc2[C@](O)(C(=O)NCc2ccco2)N1c1ccc(Cl)cc1",0,0
"O=S(=O)(c1ccccc1)N1CC[NH+](C2CC[NH+](Cc3ccccc3)CC2)CC1",0,0
"O=S1(=O)N=C(Nc2ccc(S(=O)(=O)N3CCCCC3)cc2)c2ccccc21",0,0
"O=c1cc(N2CCN(c3ccccc3)CC2)[nH]c(=O)n1-c1ccccc1Cl",0,0
"OCC[NH+]1CCN(CCCN2c3ccccc3Sc3ccc(C(F)(F)F)cc32)CC1",0,0
"c1ccc(-c2cc(-c3nn4c(-c5ccco5)nnc4s3)c3ccccc3n2)cc1",0,0
"C(#CC[NH+]1CCOCC1)COCC#Cc1ccccc1",0,0
"C/C(=N/Cc1ccco1)C1=C([O-])c2ccccc2C1=O",0,0
"C/C(=N\CCCn1ccnc1)C1=C([O-])c2ccccc2C1=O",0,0
"C/C(=N\CC[NH+]1CCOCC1)C1=C([O-])c2ccccc2C1=O",0,0
"C=CCN(CC=C)C(=O)CCCC(=O)N(CC=C)CC=C",0,0
"C=CCSc1nnc(Cc2c(C)[nH]c3ccccc23)o1",0,0
"C=CCn1c(SCC(=O)C(C)(C)C)nnc1-c1ccccn1",0,0
"C=CCn1c(SCC(N)=O)nnc1-c1ccccc1O",0,0
"C=CCn1c(SCCC#N)nnc1-c1ccncc1",0,0
"CC(=C1C(=O)c2ccccc2C1=O)[N@@H+]1CCc2ccccc2C1",0,0
"CC(=O)N(CC(C)(C)CC=C(C)C)c1ccccc1",0,0
"CC(=O)N(c1ccc(C)cc1)[C@@H]1C=CS(=O)(=O)C1",0,0
"CC(=O)N1CCc2cc(NC(=O)c3ccc(C)cc3)ccc21",0,0
"CC(=O)Nc1cc(NC(=O)CCCC(=O)[O-])ccc1Cl",0,0
"CC(=O)Nc1ccc(N/C=C/C(=O)C(C)(C)C)cc1",0,0
"CC(=O)Nc1ccc(NC(=O)c2ccccc2F)cc1",0,0
"CC(=O)Nc1cccc(NC(=O)[C@H]2C[C@H]3CC[C@@H]2C3)c1",0,0
"CC(=O)Nc1nc2ccccc2n1Cc1ccccc1C",0,0
"CC(=O)O[C@@]1(c2ccccc2)CC[N@@H+](C)[C@@H]2CCCC[C@H]21",0,0
"CC(=O)c1c(COC(=O)c2ccco2)nc2ccccc2[n+]1[O-]",0,0
"CC(=O)c1ccc(OCC(=O)N[C@@H]2CCS(=O)(=O)C2)cc1",0,0
"CC(=O)c1cccc(NC(=O)N[C@H](C)c2ccncc2)c1",0,0
"CC(=O)c1cnc(Nc2nc(C)c3ccc(C)cc3n2)nc1C",0,0
"CC(C)(C)NC(=O)CSc1nnnn1C(C)(C)C",0,0
"CC(C)(C)NC(=O)NC(=O)Cn1cc(C(F)(F)F)ccc1=O",0,0
"CC(C)(C)[NH2+]C[C@@H](O)c1cc(Cl)c(N)c(Cl)c1",0,0
"CC(C)(C)c1ccc(C(=O)CSc2ncn[nH]2)cc1",0,0
"CC(C)C(=O)Nc1cc(C(F)(F)F)ccc1N1CCOCC1",0,0
"CC(C)CNC(=O)CN(C1CCCCC1)S(C)(=O)=O",0,0
"CC(C)Cc1nnc(NC(=O)CSc2ncn[nH]2)s1",0,0
"CC(C)n1c(NCc2cccs2)nc2ccccc21",0,0
"CC([NH3+])=C(C#N)C(=O)COc1ncnc2ccccc12",0,0
"CC/C(=C1/C(=O)CC(C)(C)[C@H](C(=O)OC)C1=O)[NH+]1CCCC1",0,0
"CC1(C)C(=O)C2(CCCC2)C(=O)O[C@@H]1c1ccco1",0,0
"CC1(C)CC(=O)C=C(Nc2cc(-c3ccccc3)[nH]n2)C1",0,0
"CC1(C)[C@@]2(C(=O)NCc3ccccn3)CC[C@]1(C)C(=O)O2",0,0
"CCC(=O)Nc1cc(-c2nn3c(C)nnc3s2)ccc1C",0,0
"CCCCC(=O)Nc1ccc(NC(=O)C2CC2)cn1",0,0
"CCCCCn1c(N)c(C#N)c2nc3ccccc3nc21",0,0
"CCCCNC(=O)CC(=O)Nc1ccccc1C(=O)[O-]",0,0
"CCCCOC(=O)[C@H]1CCC[C@H](C(=O)OCCCC)[NH2+]1",0,0
"CCCCOc1ccc(S(=O)(=O)N2CCCCCC2)cc1",0,0
"CCCCn1nc(CC(=O)[O-])c2ccccc2c1=O",0,0
"CCCN1C(=O)[C@](O)(C/C(C)=N/O)c2ccccc21",0,0
"CCCN1C=CC(=C2C(=O)c3ccccc3C2=O)C=C1",0,0
"CCCS(=O)(=O)NCc1cn2cccc(C)c2[nH+]1",0,0
"CCCc1ccc([C@@H](C)NC(=O)c2cnccn2)cc1",0,0
"CCCc1n[nH]c2c1[C@H]([C@H]1CC=CCC1)C(C#N)=C([NH3+])O2",0,0
"CCCn1c(C)nc2c(NCC[NH+](C)C)nc(C)nc21",0,0
"CCCn1c(CCC(=O)[O-])ccc1-c1cccs1",0,0
"CCCn1c(NC(=O)c2ccc(C)cc2)nc2ccccc21",0,0
"CCOC(=O)C1=C(C)NC(=O)[C@@H](C(N)=O)[C@H]1c1ccccc1",0,0
"CCOC(=O)C1=C([NH3+])OC2=C(C(=O)CCC2)[C@@H]1c1ccco1",0,0
"CCOC(=O)C1CCN(C(=O)Nc2ccc(Cl)cc2)CC1",0,0
"CCOC(=O)C1CC[NH+](Cc2ccc(F)cc2)CC1",0,0
"CCOC(=O)C1CC[NH+](Cc2ccccc2C(F)(F)F)CC1",0,0
"CCOC(=O)CC(=O)CSc1nc2nc(C)cc(C)n2n1",0,0
"CCOC(=O)COc1cc(=O)n(CC)c2ccccc12",0,0
"CCOC(=O)CSc1nc(C2CC2)nc2ccccc12",0,0
"CCOC(=O)N1CCC([NH2+]C2CCCCCCC2)CC1",0,0
"CCOC(=O)NC(NC(=O)OCC)C(=O)c1ccccc1",0,0
"CCOC(=O)[C@@H]1C(=O)Nc2nc(C)nn2[C@@H]1c1ccccc1",0,0
"CCOC(=O)c1c(C)n(C)c2ccc(O)c(C[NH+](C)C)c12",0,0
"CCOC(=O)c1c(C)oc(/N=C/c2ccccc2O)c1C#N",0,0
"CCOC(=O)c1c(Nc2ccccc2N)cc(C)nc1C",0,0
"CCOC(=O)c1ccc(Nc2nc(C)cc(C)c2C#N)cc1",0,0
"CCOC(=O)c1ccccc1NC(=O)c1cccs1",0,0
"CCOCC(=O)Nc1cc(-c2cn3cccnc3[nH+]2)ccc1C",0,0
"CCO[P@](=O)(C#CC(C)(C)C)C1(O)CCCCC1",0,0
"CCO[P@](=O)(c1ccccc1Cl)C1(O)CCCCC1",0,0
"CCOc1ccc(-n2c(SC)nc3c(c2=O)SCC3)cc1",0,0
"CCOc1ccc(Cl)cc1CSc1n[nH]c(CC)n1",0,0
"CCOc1cccc(-n2nnnc2-c2ccc(OC)cc2)c1",0,0
"CCOc1ccccc1C(=O)NCCCn1ccnc1",0,0
"CCSC1=C(C#N)C2(CCCCC2)[C@H](C#N)C(=O)N1",0,0
"CCc1ccc(Nc2cc(=O)n(C3CCCCC3)c(=O)[nH]2)cc1",0,0
"CN(C(=O)c1cc2sccc2n1C)C1CCCCC1",0,0
"CN(C(=O)c1ccncc1)c1nnc(-c2ccncc2)s1",0,0
"CN(C)S(=O)(=O)c1ccc2c(c1)[C@@H](CC(=O)[O-])OC2=O",0,0
"CN(C)c1ccccc1C(=O)c1ccccc1N(C)C",0,0
"CN1C(=O)NC(=O)/C(=C/[NH2+][C@@H]2C[C@@H]3CC[C@@]2(C)C3(C)C)C1=O",0,0
"CN1C(=O)c2ccccc2[C@@H](C(=O)[O-])[C@H]1c1cccc(F)c1",0,0
"CNC(=[NH+]c1cc(C)nn1-c1ccccc1)c1ccccc1",0,0
"COC(=O)C1=C(C)OC([NH3+])=C(C#N)[C@H]1c1ccccc1",0,0
"COC(=O)C1=C(NC(=O)c2cccc(OC)c2)CCS1",0,0
"COC(=O)C1=CNC=C(C(=O)OC)C1c1ccccc1Cl",0,0
"COC(=O)CNC(=O)[C@@]1(C)C=CCN1C(=O)c1ccccc1",0,0
"COC(=O)Cc1c(C)nc2nc(-c3ccccc3)[nH]n2c1=O",0,0
"COC(=O)[C@@]1(C)C=C[C@@H](Cc2ccccc2)N1C(C)=O",0,0
"COC(=O)c1cc(=O)n2c(-c3ccccc3)csc2n1",0,0
"COC(=O)c1ccc(N/C(C)=C/C(=O)c2ccc(C)o2)cc1",0,0
"COC(=O)c1cccc(NS(=O)(=O)c2cccs2)c1C",0,0
"COC(=O)c1ccccc1NC(=O)NC[C@H]1CCCO1",0,0
"COCCCN(C(C)=O)c1nc(-c2ccccc2)cs1",0,0
"COCCCn1c([S-])nnc1-c1ccccc1Cl",0,0
"COCCNC(=O)CSCc1c(F)cccc1Cl",0,0
"COCCn1nnnc1SCC(=O)c1ccccc1",0,0
"COc1cc(NC(=O)N2CCOCC2)cc(OC)c1",0,0
"COc1cc(OC)c(C(=O)NC2CCCCCC2)cc1OC",0,0
"COc1cc2c(c(OC)c1)[C@@H](c1ccncc1)CC(=O)N2",0,0
"COc1ccc(-c2nc(N)ncc2-c2csc(C)n2)c(O)c1",0,0
"COc1ccc(/C(C[C@@]2(O)C(=O)Nc3ccccc32)=N\O)cc1",0,0
"COc1ccc(C(=O)CSc2nccc(=O)[nH]2)cc1",0,0
"COc1ccc(C(=O)N2CCSC2=S)cc1OC",0,0
"COc1ccc(C(C)(C)C)cc1NC(=O)c1c(C)noc1C",0,0
"COc1ccc(Cc2n[nH]c(=O)c3ccccc23)cc1OC",0,0
"COc1ccc(Cl)cc1S(=O)(=O)NCc1cccs1",0,0
"COc1ccc(NC(=O)Cc2nc3ccccc3[nH]2)cc1",0,0
"COc1ccc(OC)c(NC(=O)[C@@H]2CCCC[C@@H]2C(=O)[O-])c1",0,0
"COc1ccc(OC)c(S(=O)(=O)N2CCCCCC2)c1",0,0
"COc1ccc(S(=O)(=O)N2CCCCC2)cc1C(C)C",0,0
"COc1ccc(S(=O)(=O)NC2CCCCC2)cc1C",0,0
"COc1ccc(S(=O)(=O)[N-]c2cc(C)on2)cc1OC",0,0
"COc1ccc2sc(NC(=O)c3ccco3)nc2c1",0,0
"COc1cccc(-c2nn3c(C)cc(C)nc3c2C(=O)[O-])c1",0,0
"COc1cccc(/C=C2\N=C(SC)SC2=O)c1OC",0,0
"COc1cccc(NC(=O)CNC(=O)c2ccccc2)c1",0,0
"COc1cccc(NC(=O)COC(=O)c2cccnc2)c1",0,0
"COc1cccc(OC)c1OCCCc1c(C)n[nH]c1C",0,0
"COc1cccc2cc(C(=O)Nc3cccc(C)n3)c(=O)oc12",0,0
"COc1ccccc1-c1nc(SCc2ccccn2)n[nH]1",0,0
"COc1ccccc1C(=O)NCc1ccc2c(c1)OCO2",0,0
"COc1ccccc1CC(=O)NC1CC(C)(C)[NH2+]C(C)(C)C1",0,0
"COc1ccccc1OCC(=O)NCc1ccco1",0,0
"COc1ccccc1[C@H]1SCCN1S(C)(=O)=O",0,0
"COn1c(SCc2cccnc2)nc2ccccc2c1=O",0,0
"CS(=O)(=O)N(CC(=O)N1CCCC1)c1cccc(Cl)c1",0,0
"CSC(=Nc1ccccc1)c1c([O-])n(C)c(=O)n(C)c1=O",0,0
"CSCC[C@@H](NC(=O)c1cc(C(C)(C)C)oc1C)C(=O)[O-]",0,0
"C[C@@H](OC(=O)c1cccs1)C(=O)NCc1ccccc1",0,0
"C[C@@H]1CCCN(C(=O)Cn2nnc(-c3cccnc3)n2)C1",0,0
"C[C@@H]1CN(C(=O)CN2C(=O)c3ccccc3C2=O)C[C@@H](C)O1",0,0
"C[C@@]1(c2ccccn2)Nc2ccccc2-c2nc3ccccc3n21",0,0
"Cc1c(C(=O)NCCCN2CCCC2=O)oc2ccccc12",0,0
"Cc1c(C(=O)OCCOc2ccccc2)[nH]c2c1C(=O)CCC2",0,0
"Cc1cc(=O)nc(SCn2nnc3ccccc3c2=O)[nH]1",0,0
"Cc1cc(C)n(CNc2nc(C(F)(F)F)cs2)n1",0,0
"Cc1cc(CNC(=O)NC23CC4CC(CC(C4)C2)C3)nn1C",0,0
"Cc1cc(C[NH+]2CCOCC2)c(O)c(C2(C)CCCCC2)c1",0,0
"Cc1cc(N(CN2CCCC2=O)C(=O)c2ccccc2)no1",0,0
"Cc1cc(N2C(=O)[C@H]3CCC[N@H+]3[C@H]2c2sccc2C)no1",0,0
"Cc1cc(N2C[C@H](C(=O)[O-])CC2=O)ccc1Br",0,0
"Cc1cc(NC(=O)Cc2c(F)cccc2Cl)no1",0,0
"Cc1cc(NC(=O)[C@H]2CC(=O)O[C@@H]2c2ccccc2)no1",0,0
"Cc1cc(NC(=O)c2ccccc2Oc2ccccc2)no1",0,0
"Cc1cc2c(s1)Nc1ccccc1[NH+]=C2N1CC[NH+](C)CC1",0,0
"Cc1ccc(-c2nnc(CSc3nncn3N)o2)cc1",0,0
"Cc1ccc(C(=O)N2CCN(S(C)(=O)=O)C2)cc1",0,0
"Cc1ccc(C)c(NC(=O)CC[NH+]2C[C@@H](C)O[C@H](C)C2)c1",0,0
"Cc1ccc(CNC(=O)[C@H]2CCCC[C@@H]2C(=O)[O-])cc1",0,0
"Cc1ccc(C[NH+]2CCC(C(=O)NCCC(C)C)CC2)o1",0,0
"Cc1ccc(N2C(=O)C(Cl)=C([NH2+]CCO)C2=O)c(C)c1",0,0
"Cc1ccc(N2C[C@H](C(=O)Nc3cccnc3)CC2=O)cc1",0,0
"Cc1ccc(NC(=O)CN2C(=O)COc3ccc(C)cc32)nc1",0,0
"Cc1ccc(NC(=O)CN2C(=O)[C@@H](C)Oc3ccccc32)nc1",0,0
"Cc1ccc(NC(=O)C[C@H]2SCCNC2=O)cc1Cl",0,0
"Cc1ccc(NC(=O)[C@@H]2CC(c3ccc(F)cc3)=NO2)cc1",0,0
"Cc1ccc(O)c([C@H](CC(=O)N2CCCC2)c2ccccc2)c1",0,0
"Cc1ccc(OCC(=O)N2CCCCCC2)c(C)c1",0,0
"Cc1ccc(S(=O)(=O)C2(C(=O)Nc3cccnc3)CC2)cc1",0,0
"Cc1ccc(S(=O)(=O)N(CC(=O)[O-])Cc2ccccc2)cc1",0,0
"Cc1ccc(S(=O)(=O)N2CCC[C@@H](C(=O)[O-])C2)s1",0,0
"Cc1ccc(S[C@H](C)c2nc(-c3ccncc3)no2)cc1",0,0
"Cc1ccc([C@@H](O)c2nc3ccccc3n2C(C)C)cc1",0,0
"Cc1ccc2[nH+]c3c(c(N)c2c1)CCN3c1ccccc1",0,0
"Cc1ccc2c(c1)c(-c1ccccc1)nc1nncn12",0,0
"Cc1ccc2cc(C#N)c(NCc3ccco3)nc2c1",0,0
"Cc1cccc(-c2nsc(SCC(=O)N3CCCC3)n2)c1",0,0
"Cc1cccc(NC(=O)c2ccccc2Br)n1",0,0
"Cc1cccc(NCC(=O)Nc2cccc(C)c2C)c1C",0,0
"Cc1cccc([C@H](CC(=O)N2CCCC2)c2ccccc2)c1O",0,0
"Cc1ccccc1CSc1nnc(-c2ccccn2)n1N",0,0
"Cc1ccccc1NCN1C(=O)[C@@H]2[C@H](C1=O)[C@H]1C=C[C@@H]2C1",0,0
"Cc1ccsc1/C=N/c1c(C)n(C)n(-c2ccccc2)c1=O",0,0
"Cc1cn(COC/C=C/c2ccccc2)c(=O)[nH]c1=O",0,0
"Cc1csc(SCC(=O)Nc2cccc3nsnc23)n1",0,0
"Cc1nc(C)n(C(=O)N(c2ccccc2)c2ccccc2)n1",0,0
"Cc1nc(N2CC[NH+](Cc3ccccc3)CC2)nc(O)c1C",0,0
"Cc1nc2sc3c(c2c2nc(-c4ccco4)nn12)CCCC3",0,0
"Cc1noc(C)c1C(=O)NCCc1ccc(Cl)cc1",0,0
"Clc1c(-c2nnc3n2CCC3)sc2ccccc12",0,0
"Clc1ccc(COn2nnc3ccccc32)c(Cl)c1",0,0
"Clc1cccc(C[N@H+]2CCCC[C@@H]2c2cccnc2)c1",0,0
"Cn1cccc1P(=O)(c1cccn1C)c1cccn1C",0,0
"Cn1ccnc1SCC(=O)Nc1ccc2ccccc2c1",0,0
"Cn1cnnc1SCc1ccccc1Br",0,0
"Cn1nnnc1SCC(=O)N1CCc2ccccc2C1",0,0
"Cn1nnnc1SCC[NH2+]CC#Cc1ccccc1",0,0
"FC(F)(F)c1cccc(N2CC[NH+](Cc3ccoc3)CC2)c1",0,0
"FC(F)C(F)(F)C1=CC(c2cccs2)=NCCN1",0,0
"Fc1ccc(-c2nnc(NC3=[NH+]CCCCC3)o2)cc1",0,0
"N#C/C(=C\c1ccco1)Sc1nc2ccccc2s1",0,0
"N#CC1=C([NH3+])SC2(CCCCC2)S[C@@H]1c1ccccc1",0,0
"N=c1n(CCO)c2ccccc2n1Cc1ccc(Cl)cc1",0,0
"N=c1n(CCO)c2ccccc2n1Cc1ccccc1",0,0
"NC(=O)c1ccccc1NC(=O)C[NH+]1CCOCC1",0,0
"NC1=[NH+][C@@H](c2ccccc2Cl)n2c(nc3ccccc32)N1",0,0
"Nc1[nH]cnc2nc(SCC[NH+]3CCCCC3)nc1-2",0,0
"Nc1ccccc1SCC(=O)N1CCc2ccccc21",0,0
"Nc1nc(-c2cccnc2)nn1C(=O)Cc1ccccc1",0,0
"Nc1nc(OCC(F)(F)F)cc(Oc2ccccc2F)n1",0,0
"Nc1nc2n(n1)C1(CCCCC1)C1=C(CCCC1)N2",0,0
"O=C(CCN1C(=O)c2ccccc2C1=O)Oc1ccc(F)cc1",0,0
"O=C(CC[C@@H]1COc2ccccc2O1)Nc1ccc(Cl)cn1",0,0
"O=C(CCc1ccccc1)Nc1ccc(N2CCOCC2)cc1",0,0
"O=C(CCc1nc2ccccc2[nH]1)Nc1ccc2c(c1)OCO2",0,0
"O=C(CCn1c(=O)oc2ccccc21)N1CCOCC1",0,0
"O=C(CN1C(=O)CSC1=O)Nc1ccccc1F",0,0
"O=C(COC(=O)C1CCC1)NCc1ccccc1Cl",0,0
"O=C(COC(=O)CCC1CCCC1)Nc1ccc(Cl)cn1",0,0
"O=C(COC(=O)CCOc1ccccc1)NCc1ccco1",0,0
"O=C(COC(=O)c1ccccn1)Nc1cccc(Cl)c1",0,0
"O=C(CSC1=NCCS1)Nc1ccccc1F",0,0
"O=C(CSc1nc2cc(Cl)ccc2o1)N1CCOCC1",0,0
"O=C(CSc1ncnc2nc[nH]c12)N1CCOCC1",0,0
"O=C(NC(=O)c1ccccc1)NC1(C(F)(F)F)OCCO1",0,0
"O=C(NCCCCNC(=O)c1cccnc1)c1cccnc1",0,0
"O=C(NCc1ccc(F)cc1)c1noc2c1CCCC2",0,0
"O=C(NCc1cccc(Cl)c1)c1ccc2c(c1)OCO2",0,0
"O=C(Nc1c(F)c(F)c(F)c(F)c1F)C1CCCCC1",0,0
"O=C(Nc1ccc(N2CCCCC2)c(Cl)c1)c1ncn[nH]1",0,0
"O=C(Nc1ccc(NC(=O)C2CC2)nc1)c1cccnc1",0,0
"O=C(Nc1ccc2nc(-c3cccnc3)[nH]c2c1)c1ccco1",0,0
"O=C(Nc1cccc(-c2nc3ccccc3[nH]2)c1)c1ccco1",0,0
"O=C(Nc1ccccc1)OCCNC(=O)c1ccccc1",0,0
"O=C(Nc1ccccc1C(F)(F)F)N1CCCCCC1",0,0
"O=C(OCC(=O)N1CCOCC1)c1ccc2c(c1)OCCO2",0,0
"O=C([O-])CCC(=O)Nc1ccccc1N1CCOCC1",0,0
"O=C([O-])CCC(=O)c1ccc2ccc3cccc4ccc1c2c34",0,0
"O=C([O-])CCCC(=O)Nc1ccc(Cl)c(Cl)c1",0,0
"O=C([O-])CS[C@@H]1CC(=O)N(c2cccc(Cl)c2)C1=O",0,0
"O=C(c1cccc(Cl)c1)N1CCN(c2ccccn2)CC1",0,0
"O=C(c1ccco1)N(Cc1ccco1)c1ccc(O)cc1",0,0
"O=C1CC[C@H](C(=O)OCc2cc(Cl)ccc2OC(F)F)N1",0,0
"O=C1C[C@H](c2cccc(Br)c2)C2=C(CCCC2=O)N1",0,0
"O=C1N2c3ccccc3CCc3cccc(c32)[C@@]1(O)C(F)(F)F",0,0
"O=C1NC2=C(C(=O)c3ccccc32)[C@@H](c2ccccc2)N1",0,0
"O=C1[C@@H]2[C@H](C(=O)N1c1nccs1)[C@@H]1C=C[C@H]2C12CC2",0,0
"O=C1[C@H]2CCC[N@H+]2[C@@H](c2cccnc2)N1c1ccc(Cl)cc1",0,0
"O=C1c2ccccc2N[C@@H](c2ccccc2)N1c1ccc(O)cc1",0,0
"O=S(=O)(CCc1nc2ccccc2o1)c1ccc(Cl)cc1",0,0
"O=S(=O)(c1cccc2cccnc12)N(CCO)CCO",0,0
"O=[S@@](N1CCCCCC1)C12CC3CC(CC(C3)C1)C2",0,0
"O=c1c2ccccc2nc(-c2ccco2)n1-c1ccccn1",0,0
"O=c1ccc2cc(S(=O)(=O)N3CCOCC3)ccc2o1",0,0
"Oc1ccc(/C=N/C[C@@H]2COc3ccccc3O2)cc1",0,0
"Oc1ccc2oc3c(c2c1/C=N/n1cnnc1)CCCC3",0,0
"[O-]N1C(c2ccc(Cl)cc2Cl)N([O-])[C@H]2CCCC[C@H]21",0,0
"[O-][n+]1c2c(nn1-c1ccccc1Cl)-c1nonc1CC2",0,0
"c1ccc(-c2nc(-n3ccnc3)nc(-n3ccnc3)n2)cc1",0,0
"c1ccc(-n2nnnc2NCCc2c[nH]c3ccccc23)cc1",0,0
"c1ccc2cc3[nH]c(C[NH+]4CCOCC4)nc3cc2c1",0,0
"c1ccn2c(SCc3cn4ccsc4[nH+]3)nnc2c1",0,0
"c1coc(Cn2nnnc2C[NH+]2CCN(C3CCCC3)CC2)c1",0,0
"c1nc(N2CCOCC2)c2c3c(sc2n1)CCCC3",0,0
"Brc1ccc(-c2nn3c(-c4ccccn4)nnc3s2)o1",0,0
"Brc1ccc(-c2nn3c(-c4ccncc4)nnc3s2)o1",0,0
"C/C([NH2+]C[C@H]1CCCO1)=C1/C(=O)NC(=O)N(c2ccccc2)C1=O",0,0
"C=CCCC(=O)Nc1ccc(COC(=O)N2CCOCC2)cc1",0,0
"C=CCN1C[C@H](c2nc3ccccc3n2Cc2ccccc2)CC1=O",0,0
"C=CCn1c(=O)c(C(=O)NCCc2ccccc2)c([O-])c2ccccc21",0,0
"CC(=O)NC1C[C@H]2CCC[C@@H](C1)N2S(=O)(=O)c1cccc(F)c1",0,0
"CC(=O)N[C@@H]1C(=O)NC(SCC(=O)NC2CCCCC2)=[NH+]C1=O",0,0
"CC(=O)Nc1ccc(Nc2nc(C)nc3c2oc2ccccc23)cc1",0,0
"CC(=O)OCC(CCn1cnc2cnc(N)nc21)COC(C)=O",0,0
"CC(=O)[C@@]1(O)[C@H](C)C[C@@H]2[C@@H]3CC[C@H]4C[C@H](O)CC[C@]4(C)C3=CC[C@]21C",0,0
"CC(=O)c1ccc(NC(=O)N[C@@H](Cc2ccccc2)C(=O)[O-])cc1",0,0
"CC(=O)c1cccc(NC(=O)N2CCC[C@@H]2C(=O)NCc2ccccc2)c1",0,0
"CC(C)(C)NC(=O)NC(=O)COC(=O)CNC(=O)c1cccc(F)c1",0,0
"CC(C)(C)n1ncc2c(=O)n(CC(=O)N3CCCc4ccccc43)cnc21",0,0
"CC(C)(O)C#Cc1ccccc1C(=O)N[C@H](CC(N)=O)C(=O)[O-]",0,0
"CC(C)CCOc1cccc(OCC(=O)N[C@@H]2CCS(=O)(=O)C2)c1",0,0
"CC(C)CN1C(=O)N[C@](NC(=O)c2ccco2)(C(F)(F)F)C1=O",0,0
"CC(C)N(C(=O)CSc1nnc(NC(=O)C2CCC2)s1)C(C)C",0,0
"CC(C)OCCCNS(=O)(=O)c1ccc2c(c1)oc(=O)n2C",0,0
"CC(C)Oc1ccc(C(=O)N(CN2CCCC2=O)c2ccc(F)cc2)cc1",0,0
"CC(C)c1n[nH]c2c1C1(CC[NH+](Cc3ccccc3)CC1)C(C#N)=C([NH3+])O2",0,0
"CC([NH2+]C1CC[NH+](Cc2ccccc2)CC1)=C1C(=O)NC(=O)NC1=O",0,0
"CC([NH3+])=C(C#N)C(=O)COc1ncnc2ccc(Br)cc12",0,0
"CC1(C)CC(=O)C2=C(C1)Nc1ccccc1N[C@@H]2c1ccccn1",0,0
"CC1(C)[C@H]2CC[C@]1(CS(=O)(=O)NCc1ccc(C(=O)[O-])cc1)C(=O)C2",0,0
"CC1=CC[C@@H]2C(=O)N(c3ccc(Br)cc3C)C(=O)[C@H]2C1",0,0
"CC1=C[C@]2(C#N)C3([NH+]=C(N)[C@@]2(C#N)[C@@H](c2ccccc2)N1)OCCO3",0,0
"CCC(CC)C(=O)Nc1cccc(C(=O)Nc2ccc3c(c2)OCO3)c1",0,0
"CCC([NH2+]Cc1ccc(F)cc1)=C1C(=O)N(C)C(=O)N(C)C1=O",0,0
"CCCC(=O)Nc1cc(Cl)ccc1N1CCN(C(=O)CC)CC1",0,0
"CCCC1(CCC)NC(=O)N(CC(=O)Nc2ccccc2OC)C1=O",0,0
"CCCC1=C(C(=O)OCC)[C@@H](c2ccc(N(C)C)cc2)n2ncnc2N1",0,0
"CCCCCC(=O)O[C@@H](CN1CCCC1=O)C[NH+]1CCCCC1",0,0
"CCCCN1C(=O)NC(=O)/C(=C(\C)[NH2+]CCc2ccccc2)C1=O",0,0
"CCCCNC(=O)C[S@@](=O)Cc1nc(-c2cccc(C)c2)oc1C",0,0
"CCCCNC(=O)c1ccc(CS(=O)(=O)c2ccc(OC)cc2)o1",0,0
"CCCCOC(=O)[C@H]1[C@H]2C(=O)N(CCCOC)C[C@]23C=C[C@H]1O3",0,0
"CCCCn1c(=N)n(C[C@H](O)COc2ccccc2)c2ccccc21",0,0
"CCCCn1c([O-])c(C(C)=Nc2ccc(OCC)cc2)c(=O)[nH]c1=O",0,0
"CCCN(Cc1cc2ccc(C)cc2[nH]c1=O)C(=O)c1ccccn1",0,0
"CCCNS(=O)(=O)c1ccc(OCC(=O)NCCCOC)cc1",0,0
"CCCNS(=O)(=O)c1ccc(OCC(=O)NCc2ccco2)cc1",0,0
"CCCOc1ccc(C(=O)NCCC(=O)NCCCC(=O)OCC)cc1",0,0
"CCCOc1ccc(NC(=O)[C@@H]2CC(=O)N3CCC[NH+]=C3S2)cc1",0,0
"CCC[C@H](c1nnnn1C1CCCCC1)[NH+]1CCN(C2CCCC2)CC1",0,0
"CCC[C@H](c1nnnn1CCC(C)C)[NH+]1CCC(C(N)=O)CC1",0,0
"CCCc1cc(N2CCCC2)n2nc(C)c(-c3ccccc3)c2n1",0,0
"CCCn1c(SCc2ccc(Cl)cc2)nc2c1c(=O)[nH]c(=O)n2C",0,0
"CCN(CC)S(=O)(=O)c1cccc(C(=O)Nc2ccc(Cl)cn2)c1",0,0
"CCN(CC)c1ccc(NC(=O)Nc2ccc(C(C)=O)cc2)cc1",0,0
"CCN(CCNC(=O)[C@H]1CCCN(S(=O)(=O)CC)C1)c1ccccc1",0,0
"CCN(CCNC(=O)c1cc(C)nn1-c1ccccc1)c1ccccc1",0,0
"CCOC(=O)C1=C(C)NC2=C(C(=O)CCC2)[C@@H]1c1cc(OC)ccc1OC",0,0
"CCOC(=O)CCc1c(C)c2c(C)[nH]n(-c3ccccc3)c-2nc1=O",0,0
"CCOC(=O)CCc1c(C)nc2c(c(C)nn2C(C)(C)C)c1C",0,0
"CCOC(=O)N1CCN(C(=O)Cn2c(C)cc3ccccc3c2=O)CC1",0,0
"CCOC(=O)N1CCN(S(=O)(=O)c2ccc(OC)c(Cl)c2)CC1",0,0
"CCOC(=O)Nc1sc(C(=O)N(CC)CC)c(C)c1C(=O)OCC",0,0
"CCOC(=O)[C@H]1CCCN(C(=O)c2cc(-c3ccccc3)on2)C1",0,0
"CCOC(=O)c1c(NC(=O)c2ccco2)sc2c1CCCCC2",0,0
"CCOC(=O)c1ccc(N2C(=O)c3n[nH]c(C)c3[C@H]2c2ccco2)cc1",0,0
"CCOC(=O)c1nnc2cc(-c3ccc(Br)cc3)nn2c1C",0,0
"CCOC(=O)c1nnn(-c2nonc2N)c1C[N@H+](C)Cc1ccccc1",0,0
"CCOC(=O)c1oc2ccccc2c1NC(=O)c1cccc(OC)c1",0,0
"CCOCC(=O)Nc1ccc(S(=O)(=O)NCCc2ccccc2)cc1",0,0
"CCOc1cc(-c2nn3cnnc3s2)cc(OCC)c1OCC",0,0
"CCOc1cc(S(=O)(=O)NC2CC(C)(C)[NH2+]C(C)(C)C2)ccc1F",0,0
"CCOc1cc(S(=O)(=O)NCc2ccccn2)c(C)cc1C",0,0
"CCOc1ccc(N2C[C@H](C(=O)Nc3ccccc3F)CC2=O)cc1",0,0
"CCOc1ccc(NC(=O)CSc2nnc(C)n2CCCOC)cc1",0,0
"CCOc1ccc(NC(=O)[C@@H]2CC[C@@](C)(C(=O)[O-])C2(C)C)cc1",0,0
"CCOc1ccc2nc(NC3=NC[N@H+](Cc4ccco4)CN3)nc(C)c2c1",0,0
"CC[C@@H](C)Oc1cccc(C(=O)Nc2ccccc2N2CCOCC2)c1",0,0
"CC[C@@H](NC(=O)c1ccccc1NC(=O)c1ccccc1)C(=O)[O-]",0,0
"CC[C@@H]1CCC[N@H+]1Cn1cnc2c3cc(OC)ccc3nc-2c1O",0,0
"CC[C@]1(C(=O)OC)[NH2+][C@H](c2ccco2)[C@H]2C(=O)N(c3ccccc3)C(=O)[C@H]21",0,0
"CC[NH+](CC)CCCNC(=O)C[C@H]1Sc2ccccc2NC1=O",0,0
"CC[NH+](CC)CCNC(=O)CCc1nnc(O)c2ccccc12",0,0
"CCc1ccc(NC(=O)Cn2c(SC)nc3ccccc32)cc1",0,0
"CCc1ccc(NS(=O)(=O)c2cc(OC)ccc2OC)cc1",0,0
"CCc1nnc(SCC(=O)N2CCCc3ccccc32)nc1CC",0,0
"CCc1sc(C(=O)Nc2ccsc2C(=O)OC)cc1Br",0,0
"CCn1c(=O)cc(OCC(=O)NCc2cccnc2)c2ccccc21",0,0
"CCn1c(SCC(=O)Nc2ccc(C(C)=O)cc2)nc2ccccc21",0,0
"CCn1c(SCc2cccnc2)nc2c1c(=O)n(C)c(=O)n2C",0,0
"CCn1cc(Br)c(C(=O)Nc2ccc(F)c(Cl)c2)n1",0,0
"CCn1nc(NC(=O)c2ccccn2)c2cc3cccc(C)c3nc21",0,0
"CN(C(=O)CSc1nc(N)nn1-c1ccccc1)c1ccccc1",0,0
"CN(C(=O)c1cccc(N2C(=O)[C@H]3CC=CC[C@@H]3C2=O)c1)C1CCCCC1",0,0
"CN(C)S(=O)(=O)c1cccc(C(=O)N2CCc3ccccc32)c1",0,0
"CN(C)c1ccc(CNC(=O)[C@@]2(C)C=C[C@@H](Cc3ccccc3)[N@H+]2C)cc1",0,0
"CN(CC(=O)NC[C@H]1CCCO1)S(=O)(=O)c1cc(Cl)ccc1Cl",0,0
"CN(c1ccccc1C(=O)Nc1ccc2c(c1)OCCO2)S(C)(=O)=O",0,0
"CN1C(=O)CSc2ccc(NC(=O)NCc3cccnc3)cc21",0,0
"CN1CC[NH+](CCCNC(=O)Cn2nc(-c3ccccc3)ccc2=O)CC1",0,0
"COC(=O)C1=C([NH3+])Oc2cc(C)oc(=O)c2[C@@H]1c1cccnc1",0,0
"COC(=O)Cc1c(C)c2c(OCc3nn[n-]n3)cc(C)cc2oc1=O",0,0
"COC(=O)[C@H]1C[C@H]2CC[C@H](O)C[C@H]2[N@@H+]1Cc1c(F)cccc1Cl",0,0
"COC(=O)[C@H]1[C@@H]2C[C@@H]3c4[nH]c5ccccc5c4CC[N@H+]3C[C@H]2CC[C@H]1O",0,0
"COC(=O)c1c(NC(=O)c2cccs2)sc2c1CC[C@@H](C)C2",0,0
"COC(=O)c1ccc(-n2nnnc2SCc2nn[n-]n2)cc1",0,0
"COC(=O)c1ccc(CN2CC[NH+](Cc3ccc(C(=O)OC)o3)CC2)o1",0,0
"COC(=O)c1ccc(COc2ccc3c4c(c(=O)oc3c2)CCC4)o1",0,0
"COC(=O)c1ccc(O)c(Sc2cc(C(=O)OC)ccc2O)c1",0,0
"COC(=O)c1cccc(C(=O)Oc2cccc(Br)c2)n1",0,0
"COC(=O)c1ccccc1NC(=O)N1CSC[C@H]1C(=O)OC",0,0
"COC(=O)c1nc2n(n1)[C@H](c1cccc(Cl)c1)C1=C(CCCC1=O)N2",0,0
"COC(=O)c1sc(N)c(C(=O)OC)c1COC(=O)c1c(C)noc1C",0,0
"COCC(=O)N(Cc1ccc(OC)cc1)Cc1nc(=O)c2ccccc2[nH]1",0,0
"COCCCNC(=O)[C@H]1CCCCN1S(=O)(=O)c1ccc(F)cc1",0,0
"COCCCNC(=O)c1cn(Cc2c(F)cccc2Cl)nn1",0,0
"COCCN(C(=O)C(F)(F)F)[C@H](C(=O)NC1CCCCC1)c1ccco1",0,0
"COCCSc1ccccc1C(=O)NCCCn1ccnc1",0,0
"COCCn1c(NCc2ccc(C)cc2)nc2c1c(=O)[nH]c(=O)n2C",0,0
"COCc1cc(C)n(CC(=O)Nc2ccccc2OC)c(=O)c1C#N",0,0
"COc1cc(NC(=O)c2cc3ccccc3o2)c(OC)cc1Cl",0,0
"COc1cc(NS(=O)(=O)c2ccc(C)cc2)c2ncccc2c1",0,0
"COc1cc2c(cc1OC)[C@H](C(=O)[O-])[C@@H](c1ccc(C)o1)N(C)C2=O",0,0
"COc1ccc(-c2cc(C(F)(F)F)nc(N3CCCCC3)n2)cc1OC",0,0
"COc1ccc(-c2ccnc(SCC(=O)N3CCOCC3)n2)cc1",0,0
"COc1ccc(-c2nc(C#N)c(N3C[C@@H](C)O[C@H](C)C3)o2)cc1OC",0,0
"COc1ccc(-c2nc3cccc(C)n3c2NCc2ccco2)cc1OC",0,0
"COc1ccc(-c2nnc(SCCC(=O)[O-])n2C)cc1OC",0,0
"COc1ccc(-c2noc([C@@H]3CCCN(C(=O)c4cccs4)C3)n2)cc1",0,0
"COc1ccc(-n2ncc3c(N4CCc5ccccc54)ncnc32)cc1",0,0
"COc1ccc(C(=O)Cn2nnc(-c3ccccc3-n3cnnn3)n2)cc1",0,0
"COc1ccc(C2(NC(C)=O)CCN(C(=O)CCC(=O)[O-])CC2)cc1",0,0
"COc1ccc(CCNC(=O)[C@@H](C)OC(=O)c2ccco2)cc1OC",0,0
"COc1ccc(CNC(=O)c2ccc(C[NH+]3CCOCC3)cc2)cc1",0,0
"COc1ccc(C[NH2+]CC(=O)N2CCC3(CC2)OCCO3)cc1",0,0
"COc1ccc(Cc2nc(-c3ccc(Br)o3)no2)cc1OC",0,0
"COc1ccc(Cn2nnnc2[C@@H](C(C)C)N2CCc3ccccc32)cc1",0,0
"COc1ccc(NC(=O)Nc2cc(C)ccc2OC(F)F)c(OC)c1",0,0
"COc1ccc(NCC(=O)Nc2ccc(Cl)cc2C)c(OC)c1",0,0
"COc1ccc(NS(=O)(=O)c2ccc(C)c(C(=O)[O-])c2)cc1",0,0
"COc1ccc(NS(=O)(=O)c2ccc3c(c2)Cc2ccccc2-3)cn1",0,0
"COc1ccc(OC)c(-n2c([S-])nnc2-c2cccc(O)c2)c1",0,0
"COc1ccc(OC)c(NC(=O)[C@@H]2[C@H](C(=O)[O-])[C@H]3CC[C@@H]2C3=C(C)C)c1",0,0
"COc1ccc(OC)c(Nc2nc(-c3sc(N)nc3C)cs2)c1",0,0
"COc1ccc(OCC(=O)c2c([O-])oc3ccccc3c2=O)cc1",0,0
"COc1ccc(OCc2nc(N)nc(Nc3cccc(C)c3C)n2)cc1",0,0
"COc1ccc(Oc2c(C)oc3c(C[NH+](C)C)c(O)ccc3c2=O)cc1",0,0
"COc1ccc(S(=O)(=O)n2nc(OC(=O)c3ccco3)cc2N)cc1",0,0
"COc1cccc(-c2cc(C(=O)N3CCCc4ccccc43)no2)c1",0,0
"COc1cccc(-c2cc(N)nn2C(=O)Nc2ccc(Cl)cc2)c1",0,0
"COc1cccc(C2=C[C@H](c3cccc(OC)c3OC)n3nnnc3N2)c1",0,0
"COc1cccc(NC(=O)CCS(=O)(=O)c2cccs2)c1",0,0
"COc1cccc(NC(=O)N(Cc2ccco2)[C@H](C)c2cccs2)c1",0,0
"COc1cccc([C@@H]2C[C@H](c3ccccc3OC)n3nc(N)nc3N2)c1",0,0
"COc1ccccc1CCn1cnc2c3cc(C)ccc3n(C)c2c1=O",0,0
"COc1ccccc1CNC(=O)[C@@H]1CC(=O)N(c2ccc(C)c(C)c2)C1",0,0
"COc1ccccc1NC(=O)CN(C)S(=O)(=O)c1ccc(F)cc1",0,0
"COc1ccccc1NC(=O)N1CCN(c2cccc(C(F)(F)F)c2)CC1",0,0
"COc1ccccc1Nc1nnc(SCC(=O)N2CCCC2=O)s1",0,0
"CSCC[C@H](NC(=O)Nc1cccc(C(F)(F)F)c1)C(=O)[O-]",0,0
"CS[C@@H]1CCCC[C@@]1(O)CSc1nc2c(cc1C#N)CCCC2",0,0
"CSc1ccccc1C(=O)Nc1cccc(N(C)S(C)(=O)=O)c1",0,0
"CSc1ncc(Cl)c(C(=O)Nc2nnc(SC)s2)n1",0,0
"C[C@@H](OC(=O)c1cccs1)C(=O)NCc1ccc2c(c1)OCO2",0,0
"C[C@@H](Sc1nnc2ccccn12)C(=O)Nc1ccc(Cl)cn1",0,0
"C[C@@H]1C(=O)C[C@@H](c2ccco2)N2C(=O)[C@@H]3[C@H](C(=O)[O-])[C@H]4C=C[C@@]3(O4)[C@@H]12",0,0
"C[C@@H]1CCCC[C@H]1NC(=O)COc1ccc(-n2cnnn2)cc1",0,0
"C[C@@H]1CCCC[N@H+]1CCNC(=O)CN1C(=O)COc2ccccc21",0,0
"C[C@@H]1CCCN(c2oc(-c3cccc4ccccc34)nc2C#N)C1",0,0
"C[C@@H]1CN(S(=O)(=O)c2ccc(Cl)c(C(F)(F)F)c2)C[C@@H](C)O1",0,0
"C[C@@H]1Cc2ccccc2N1C(=O)CN1C(=O)CN(C)C(=O)c2ccccc21",0,0
"Cc1c(-c2nc(N)nc(Nc3ccc(F)cc3)n2)oc2ccccc12",0,0
"Cc1c(Br)c(C(F)(F)F)nn1CC(=O)NC[C@H]1CCCO1",0,0
"Cc1c(C(=O)[O-])oc2ccc(S(=O)(=O)N(CC(C)C)CC(C)C)cc12",0,0
"Cc1c(N/C=C/C(=O)c2cccs2)c(=O)n(-c2ccccc2)n1C",0,0
"Cc1cc(-c2nnc3sc(-c4ccc(Cl)cc4Cl)nn23)n[nH]1",0,0
"Cc1cc(C)c(NC(=O)CSc2nnc(-c3ccco3)n2N)c(C)c1",0,0
"Cc1cc(C)c2cc(C#N)c(SCC(=O)NCc3ccco3)nc2c1",0,0
"Cc1cc(C)c2cc3c(ccn3[C@@H]3OC[C@H](O)[C@H](O)[C@H]3O)cc2n1",0,0
"Cc1cc(C)nc(-n2nc(C)c(Sc3ccc(F)cc3)c2N)n1",0,0
"Cc1cc(NC(=O)COC(=O)COc2cccc3c2OC(C)(C)C3)no1",0,0
"Cc1cc(NC(=O)NC(=O)c2cccc(OC(F)(F)C(F)F)c2)n[nH]1",0,0
"Cc1cc(NC(=O)[C@H]2CCCN(S(=O)(=O)c3c(C)noc3C)C2)n[nH]1",0,0
"Cc1cc(N[C@@]2(C(F)(F)F)[NH+]=C(c3ccccc3)NC2=O)no1",0,0
"Cc1cc(S(=O)(=O)N2CCN(c3ccc(F)cc3)CC2)c(C)s1",0,0
"Cc1ccc(-c2c3c(=O)n(C)c(=O)n(C)c3cn2Cc2cccnc2)cc1",0,0
"Cc1ccc(-c2nc(NC(=O)CSc3nnc(C)s3)ns2)cc1",0,0
"Cc1ccc(-c2nnc3sc([C@H]4COc5ccccc5O4)nn23)cc1",0,0
"Cc1ccc(-c2nnn(CC(=O)N3CCN(c4ccccc4)CC3)n2)o1",0,0
"Cc1ccc(-c2noc([C@@H]3CCCN(C(=O)c4ccccc4)C3)n2)o1",0,0
"Cc1ccc(-n2cnc3c(sc4[nH+]ccc(N(C)C)c43)c2=O)cc1",0,0
"Cc1ccc(-n2nc3c(c2NC(=O)C(C)(C)C)CSC3)c(C)c1",0,0
"Cc1ccc(C)c(N(C)S(=O)(=O)c2cccc3nsnc23)c1",0,0
"Cc1ccc(CNC(=O)CN2C(=O)C3(OCCCO3)c3ccccc32)cc1",0,0
"Cc1ccc(Cn2nnc3c(=O)n(CC(=O)N4CCCCC4)cnc32)cc1",0,0
"Cc1ccc(NC(=O)[C@H]2CC=CC[C@@H]2C(=O)N2CCCCC2)cc1",0,0
"Cc1ccc(O)c(C(=O)c2cnc3c(c2)CN(CCC(C)C)C(=O)N3)c1",0,0
"Cc1ccc(OCc2nnc(SCC[NH+]3CCOCC3)n2C)cc1",0,0
"Cc1ccc(S(=O)(=O)N(C)c2ccc(NS(C)(=O)=O)cc2)cc1",0,0
"Cc1ccc(S(=O)(=O)Nc2ccc3nc(N)sc3c2)cc1",0,0
"Cc1ccc2[nH]c(=O)c(N3CCOCC3)c(-c3ccccc3)c2c1",0,0
"Cc1ccc2c(CSc3nnc(C4CC4)n3N)cc(=O)oc2c1",0,0
"Cc1ccc2c(c1)N(CCC(=O)NC[C@H]1CCCO1)C(=O)CO2",0,0
"Cc1ccc2c(c1)[C@@H]1C[N@H+](C)CC[C@H]1N2C(=O)Nc1ccc(Cl)cc1",0,0
"Cc1ccc2c(c1)[C@@H]1C[N@H+](C)CC[C@H]1N2C(=O)c1ccc(Br)o1",0,0
"Cc1ccc2cccc(OC(=O)c3ccc4c(c3)OCCO4)c2n1",0,0
"Cc1ccc2cccc(S(=O)(=O)N[C@@H]3CCS(=O)(=O)C3)c2n1",0,0
"Cc1cccc(-c2noc(-c3ccccc3C(=O)NC[C@H]3CCCO3)n2)c1",0,0
"Cc1cccc(N(CC(=O)N2CCCC2)S(=O)(=O)c2ccccc2)c1",0,0
"Cc1cccc(N(CC(=O)N2CCCC2)S(=O)(=O)c2ccccc2)c1C",0,0
"Cc1cccc(NC(=O)CCCCCN2C(=O)c3ccccc3C2=O)n1",0,0
"Cc1cccc2cc3c(N)c(C(=O)N4CCOCC4)sc3nc12",0,0
"Cc1ccccc1N(CC(=O)Nc1ccc(F)cc1)S(C)(=O)=O",0,0
"Cc1ccccc1NC(=O)c1ccccc1NC(=O)c1ccco1",0,0
"Cc1ccn2cc(-c3ccc(S(=O)(=O)N4CCOCC4)cc3)[nH+]c2c1",0,0
"Cc1ccnc(N2CCC(C(=O)Nc3ccc4c(c3)OCO4)CC2)n1",0,0
"Cc1ccnc(NC(=O)C2CCN(S(=O)(=O)c3cccs3)CC2)c1",0,0
"Cc1ccnc(N[C@H]2c3ccccc3C(=O)N2Cc2ccccc2Cl)c1",0,0
"Cc1n[nH]c(SCC(=O)Nc2ccc(Br)cn2)nc1=O",0,0
"Cc1nc2cc(NC(=O)N3CCN(c4ccccn4)CC3)ccc2o1",0,0
"Cc1nc2oc3ccccc3c(=O)c2c(=O)n1Cc1ccccc1",0,0
"Clc1ccc(Cn2ncc3c(NCC[NH+]4CCOCC4)ncnc32)cc1",0,0
"Cn1c(=O)[nH]c(=O)c2c1nc(Br)n2CCC(=O)c1ccccc1",0,0
"Cn1c(=O)[nH]c(=O)c2c1nc(Br)n2Cc1ccccc1Cl",0,0
"Cn1c(=O)cc(SCC(=O)N2CCCC2)c2ccc(Cl)cc21",0,0
"Cn1c(=O)n(C)c2cc(NC(=O)c3cc4ccccc4o3)ccc21",0,0
"Cn1c(C(=O)NCc2ccco2)cc2c(=O)[nH]c3ccccc3c21",0,0
"Cn1c(C(=O)[O-])c(CC(=O)Nc2ccc(F)cc2F)c2ccccc21",0,0
"Cn1c(N2CCN(C(=O)NCc3ccccc3)CC2)nc2ccccc21",0,0
"Cn1c(SCC[NH+]2CCCCC2)nnc1-c1ccccc1Br",0,0
"Cn1c2c(c(=O)n(C)c1=O)C[N@H+](Cc1ccc3c(c1)OCO3)CN2",0,0
"N#CC1=C(SCc2ccccc2)NC(=O)[C@@H](C#N)C12CCCC2",0,0
"N#Cc1cccc([C@H](c2nnnn2Cc2ccccc2)[NH+]2CCCC2)c1",0,0
"NC(=O)C1CCN(C(=O)CN2C(=O)c3ccccc3S2(=O)=O)CC1",0,0
"Nc1c(C(=O)NCc2ccccc2)nnn1Cc1cccc(Cl)c1",0,0
"Nn1cnnc1SCC(=O)Nc1ccc(C2CCCCC2)cc1",0,0
"O=C(CCCc1nc(-c2ccccc2Cl)no1)NC1CCCCC1",0,0
"O=C(CCCc1nc(-c2ccccc2Cl)no1)NCc1cccnc1",0,0
"O=C(CN1C2=[NH+]CCN2c2ccccc21)C12CC3CC(CC(C3)C1)C2",0,0
"O=C(COC(=O)C1CCCCC1)Nc1ccc(N2CCCCC2)cc1",0,0
"O=C(COC(=O)c1ccc2c(c1)OCCO2)NCc1ccccc1",0,0
"O=C(COc1ccc2c(c1)OCO2)NC12CC3CC(CC(C3)C1)C2",0,0
"O=C(COc1ccccc1)N1CC[NH+](C[C@@H]2C[C@H]3C=C[C@@H]2C3)CC1",0,0
"O=C(CSc1nc(=O)c2c([nH]1)CCC2)Nc1cccc(Cl)c1",0,0
"O=C(CSc1nc([O-])cc(=O)n1-c1ccccc1)NCc1ccccc1",0,0
"O=C(CSc1nc2ccccc2s1)NCCC[NH+]1CCOCC1",0,0
"O=C(CSc1nnc(-c2ccccc2Cl)o1)N1CCCCC1",0,0
"O=C(CSc1nnc2ccccn12)c1ccc2c(c1)OCCO2",0,0
"O=C(C[C@H]1Oc2ccccc2NC1=O)NCCC[NH+]1CCCCCC1",0,0
"O=C(Cc1ccc(-n2cnnn2)cc1)NC12CC3CC(CC(C3)C1)C2",0,0
"O=C(Cn1cnc2ccccc2c1=O)Nc1ccc2c(c1)CCC2",0,0
"O=C(Cn1ncc2c1-c1ccccc1OC2)Nc1ccc(Cl)cn1",0,0
"O=C(NCCC[NH+]1CCOCC1)[C@@H]1CC(=O)N(CCc2ccccc2)C1",0,0
"O=C(NC[C@@H]1CCS(=O)(=O)C1)NC[C@@H]1CCS(=O)(=O)C1",0,0
"O=C(NCc1nc(-c2ccccc2)no1)c1ccc(Br)o1",0,0
"O=C(Nc1cccc(Cl)c1)N1CC[NH+](Cc2ccccc2)CC1",0,0
"O=C(OCC(=O)N1CCN(c2ccccc2)CC1)c1ccccn1",0,0
"O=C([O-])[C@H](Cc1cc2ccccc2[nH]1)N1C(=O)[C@H]2CC=C(Cl)C[C@@H]2C1=O",0,0
"O=C(c1cc(-c2ccc(O)cc2)on1)N1CCCc2ccccc21",0,0
"O=C(c1ccc(-c2ccccc2)cc1)N1CCN(C(=O)c2ccco2)CC1",0,0
"O=C(c1ccc(Br)o1)N1CCN(c2ccc(F)cc2)CC1",0,0
"O=C(c1ccc(Nc2cccc(C(F)(F)F)c2)nc1)N1CCCC1",0,0
"O=C(c1cccc(C(=O)N2CCc3ccccc32)n1)N1CCc2ccccc21",0,0
"O=C(c1cccc(N2C(=O)[C@H]3CC=CC[C@@H]3C2=O)c1)N1CCCCCC1",0,0
"O=C(c1ccccc1)N(Cc1cccs1)[C@@H]1CCS(=O)(=O)C1",0,0
"O=C(c1cnn2cccnc12)N1CC[NH+](Cc2ccc3c(c2)OCO3)CC1",0,0
"O=C(c1oc(=O)c2ccccc2c1-c1ccccc1)N1CCOCC1",0,0
"O=C1CC2(CCCCC2)Oc2ccc(OCC(=O)N3CCOCC3)cc21",0,0
"O=C1[C@H]2CCC[N@H+]2[C@@H](c2ccc(Cl)c(Cl)c2)N1c1ccccn1",0,0
"O=C1c2ccccc2C(=O)N1c1cccc(-c2nc3ccccc3o2)c1",0,0
"O=S(=O)(Nc1ccccc1N1CCOCC1)c1ccc(Cl)s1",0,0
"O=S(=O)(c1ccc(Nc2ccc3c(c2)OCO3)nc1)N1CCOCC1",0,0
"O=c1[nH]n(-c2ncnc3c2cnn3-c2ccccc2)c(=O)c2ccccc12",0,0
"O=c1c2c3c(sc2nc2sc(C[NH+]4CCOCC4)cn12)CCCC3",0,0
"O=c1cc(COn2nnc3ccc(C(F)(F)F)cc32)nc2sccn12",0,0
"O=c1cc(CSc2ccc(Cl)cc2)[nH]c(N2CCCCC2)n1",0,0
"O=c1oc(-c2cccc(S(=O)(=O)N3CCOCC3)c2)nc2ccccc12",0,0
"[NH3+]C[C@@H]1O[C@H](C23CC4CC(CC(C4)C2)C3)Cc2c1ccc(O)c2O",0,0
"c1ccc(-c2nn3c(Cn4nnc5ccccc54)nnc3s2)cc1",0,0
"c1ccc(-c2nnnn2CCOCCn2nnnc2-c2ccccc2)cc1",0,0
"c1csc(CNc2nc3ccccc3n2CC[NH+]2CCOCC2)c1",0,0
"Cc1ccc(CCC(=O)Nc2nccs2)o1",1,0
"N#C/C(=C1\CCC[NH2+]1)c1ccc2ccccc2n1",0,1
"Nc1ccn([C@H]2CC[C@@H](CO)O2)c(=O)n1",0,1
"O=[N+]([O-])c1ccccc1Nc1ccccc1",0,1
"COc1ccc(Cn2c(=O)[nH]c3cc(C(=O)N4CC[NH+](Cc5ccccc5)CC4)ccc3c2=O)cc1",1,0
"COc1ccc(S(=O)(=O)N2CCC[N@H+](CC(=O)Nc3ccc(OC)c(Cl)c3)CC2)cc1",1,0
"COc1ccccc1-n1cnnc1SCC(=O)N1CCN(S(=O)(=O)c2ccccc2)CC1",1,0
"Cc1noc(/C=C/c2ccco2)c1S(=O)(=O)N1CCC(C(=O)N2CCc3ccccc3C2)CC1",1,0
"O=C(CSc1n[nH]c(-c2cccs2)n1)N1CCN(S(=O)(=O)c2ccccc2)CC1",1,0
"COCCN(CCOC)S(=O)(=O)c1ccc(C(=O)Nc2nc(-c3ccncc3)cs2)cc1",0,1
"COc1cc([C@H]2CC(=O)c3c([nH]c(C(=O)OCCOC(C)C)c3C)C2)cc(OC)c1OC",0,1
"COc1ccc(-c2nc(CSCC(=O)NCc3ccc4c(c3)OCO4)c(C)o2)cc1OC",0,1
"COc1ccc(C(=O)Nc2ccc(-c3ccc(C)o3)cc2)cc1S(=O)(=O)N1CCOCC1",0,1
"COc1ccc(N2CCN(c3nc(NCCc4ccc(OC)c(OC)c4)nc(OC)n3)CC2)cc1",0,1
"COc1ccc(N2CCn3c2nc2c3c(=O)n(CCCc3ccccc3)c(=O)n2C)c(OC)c1",0,1
"COc1ccc([C@@H]2CC(=O)c3cnc(NC(=O)c4ccccc4OC)nc3C2)c(OC)c1",0,1
"Cn1c(C(=O)N2CCC[C@@H](C(=O)NCCCSC3CCCCC3)C2)cc2sccc21",0,1
"O=C(C1CCN(S(=O)(=O)c2cccc3cccnc23)CC1)N1CC=C(c2ccccc2)CC1",0,1
"C=CCn1c(SCc2csc(C)n2)nc2scc(-c3ccc(C)o3)c2c1=O",1,0
"COc1cc2c(cc1OC)CN(S(=O)(=O)c1ccc3c(c1)OCCO3)CC2",1,0
"COc1cccc(-c2nn(C)c3sc(C(=O)NCc4ccc(C)o4)cc23)c1",1,0
"Cc1ccccc1-c1nnn(CC(=O)c2ccc(S(=O)(=O)N3CCCC3)cc2)n1",1,0
"Cn1c(CCNC(=O)c2ccco2)nc2cc(NS(=O)(=O)c3ccccc3)ccc21",1,0
"N#Cc1ccc(OCC(=O)N2CCN(S(=O)(=O)c3cccs3)CC2)cc1",1,0
"O=C(C1CCC1)N1CCc2cc(S(=O)(=O)Nc3ccc4c(c3)OCO4)ccc21",1,0
"O=C(Nc1ccc(S(=O)(=O)Nc2ccccc2)cc1)[C@H]1[C@H](C(=O)[O-])[C@H]2C=C[C@@H]1O2",1,0
"O=C(OCc1ccc2c(c1)OCO2)c1ccc(S(=O)(=O)N2CCCC2)cc1",1,0
"O=S(=O)(c1ccc2c(c1)OCCO2)N1CCN(c2nc3ccccc3s2)CC1",1,0
"CCCC(=O)Nc1nc2ccc(NC(=O)c3ccc(Br)o3)cc2s1",0,1
"CCCC(=O)c1ccc(N2CCN(C(=O)c3ccccc3Br)CC2)c(F)c1",0,1
"CN1CC[NH+](CCCN2c3ccccc3Sc3ccc(C(F)(F)F)cc32)CC1",0,1
"COc1cc2c(cc1OC)-c1c/c(=N\c3c(C)cc(C)cc3C)n(C)c(=O)n1CC2",0,1
"COc1ccc(-c2cnnn2-c2ccc(NC(=O)c3ccco3)cc2)cc1OC",0,1
"COc1ccc(Cl)cc1NS(=O)(=O)c1ccc(S(=O)(=O)N2CCCC2)cc1",0,1
"COc1ccc([C@H]2SCCN2S(=O)(=O)c2ccc(F)cc2)cc1OC",0,1
"C[C@H](c1ccccc1)N1C[C@H](C(=O)N2CCN(c3ccccc3)CC2)CC1=O",0,1
"Cc1cc(C)c2cc(CN(CCO)C(=O)Nc3ccc(Cl)cc3)c(=O)[nH]c2c1",0,1
"N#CC1=C(SCC(=O)c2cc3ccccc3oc2=O)NC(=O)[C@@H](C#N)C12CCCC2",0,1
"O=C(Nc1nc(-c2ccc(S(=O)(=O)N3CCCC3)cc2)cs1)c1cccs1",0,1
"O=C1Nc2ccccc2C2(CC[NH+](CCc3ccc(C(F)(F)F)cc3)CC2)O1",0,1
"O[C@H](COc1ccc2cc(Br)ccc2c1)C[NH+]1CCN(c2ccccn2)CC1",0,1
"c1ccc(CC[NH+]2CCN(c3ncnc4c3cnn4-c3ccccc3)CC2)cc1",0,1
"C=CCn1c(SCC(=O)N2CCOCC2)nc2scc(-c3ccco3)c2c1=O",1,1
"COCCSc1ccccc1C(=O)Nc1cc(C)on1",1,0
"Cc1nc2ccc(S(=O)(=O)Nc3ccccc3C)cc2s1",1,0
"N#CCc1ccc(NS(=O)(=O)c2cccs2)cc1",1,0
"C=CCNc1nc(NCc2ccco2)nc(OCC)n1",0,1
"C[C@@H]1CCCCN1c1nc(-c2ccncc2)nc2ccccc12",0,1
"Cc1cccc(N2CCc3c2[nH+]c2ccccc2c3N)c1",0,1
"Cn1c(-c2ccc(F)cc2)c[nH+]c1NCc1ccccc1",0,1
"O=C1C[C@](O)(C(F)(F)F)Oc2c1ccc1ccccc21",0,1
"O[C@H](CNc1nc2ccccc2s1)c1ccccc1",0,1
"c1ccc(-c2nc3nonc3nc2-c2ccccc2)cc1",0,1
"c1ccc(COc2nsnc2N2CCOCC2)cc1",0,1
"CCCc1nc2sc3ccccc3c(=O)c2c(=O)n1Cc1ccco1",1,0
"CN(C)S(=O)(=O)c1ccc(C(=O)NCc2cccs2)cc1",1,0
"Cc1cc(C)n2cc(CSc3nnnn3-c3ccc(Cl)cc3)[nH+]c2n1",1,0
"Cc1cc(NC(=O)CSc2nnc(-c3ccoc3C)o2)no1",1,0
"Cc1cc2c(s1)c1cnn(Cc3ccccc3F)c(=O)c1n2C",1,0
"Cc1nc(COC(=O)c2ccc(S(=O)(=O)N3CCCC3)cc2)cs1",1,0
"Fc1ccccc1Cn1nnc2c(NCCc3ccccn3)ncnc21",1,0
"c1ccc2c(c1)ncn2Cc1nnc2sc(-c3ccncc3)nn12",1,0
"C/C=C/c1ccc(OCCCCN2C(=O)NC(C)(C)C2=O)c(OC)c1",0,1
"CCOc1cc(C(=O)Nc2ccc3c(c2)OCO3)ccc1OC(F)F",0,1
"CCn1c(SCC(=O)N2CCCC2)nc2c1c(=O)n(C)c(=O)n2C",0,1
"CCn1c(SCc2nc(=O)c3ccccc3[nH]2)nc2ccccc2c1=O",0,1
"COC(=O)[C@@H](C)Sc1nc2c(c(=O)[nH]c(=O)n2C)n1CCC(C)C",0,1
"COc1ccc(OC)c(Nc2cc(-c3ccccc3)nc(N)n2)c1",0,1
"Cc1nnc(SCCC(=O)Nc2nc(-c3ccccc3)ns2)s1",0,1
"Cc1noc(C)c1CSc1nc2[nH]ncc2c(=O)n1-c1ccccc1",0,1
"FC(F)C(F)(F)C(F)(F)C(F)(F)c1cc(-c2ccccc2)n[nH]1",0,1
"O=C(COc1ccc(Cl)cc1)Nc1nc(-c2cccs2)cs1",0,1
"O=C1OCC2=C1[C@@H](c1ccc3c(c1)OCO3)Sc1ccccc1N2",0,1
"O=C1c2ccccc2[C@H](Nc2ccc3c(c2)OCCO3)N1Cc1ccco1",0,1
"O=S(=O)(Nc1cccc(-c2cn3ccsc3[nH+]2)c1)c1ccc(F)cc1",0,1
"Oc1c(C[NH+]2CCN(c3ccccn3)CC2)cc(Cl)c2cccnc12",0,1
"c1ccc(-c2csc(N3CCN(c4ccccn4)CC3)n2)cc1",0,1
"c1ccc(C2=Nn3c(nnc3-c3cc(-c4ccccc4)n[nH]3)SC2)cc1",0,1
